$MeshFormat
2.2 0 8
$EndMeshFormat
$PhysicalNames
5
2 3 "seal_master"
2 4 "seal_slave"
2 5 "walls"
3 1 "rotor"
3 2 "stator"
$EndPhysicalNames
$Nodes
773
1 0.05 -1.224646799147353e-17 0.01
2 0.05 -1.224646799147353e-17 -0.01
3 0.05 -1.224646799147353e-17 0.01
4 0.05 -1.224646799147353e-17 -0.01
5 0.5 -1.224646799147353e-16 0.01
6 0.5 -1.224646799147353e-16 -0.01
7 0.03117449009293671 0.03909157412340147 0.01
8 -0.01112604669781567 0.04874639560909119 0.01
9 -0.04504844339512093 0.02169418695587797 0.01
10 -0.04504844339512106 -0.0216941869558777 0.01
11 -0.01112604669781612 -0.04874639560909109 0.01
12 0.03117449009293646 -0.03909157412340167 0.01
13 0.03117449009293671 0.03909157412340147 -0.01
14 -0.01112604669781567 0.04874639560909119 -0.01
15 -0.04504844339512093 0.02169418695587797 -0.01
16 -0.04504844339512106 -0.0216941869558777 -0.01
17 -0.01112604669781612 -0.04874639560909109 -0.01
18 0.03117449009293646 -0.03909157412340167 -0.01
19 0.03117449009293671 0.03909157412340147 0.01
20 -0.01112604669781567 0.04874639560909119 0.01
21 -0.04504844339512093 0.02169418695587797 0.01
22 -0.04504844339512106 -0.0216941869558777 0.01
23 -0.01112604669781612 -0.04874639560909109 0.01
24 0.03117449009293646 -0.03909157412340167 0.01
25 0.03117449009293671 0.03909157412340147 -0.01
26 -0.01112604669781567 0.04874639560909119 -0.01
27 -0.04504844339512093 0.02169418695587797 -0.01
28 -0.04504844339512106 -0.0216941869558777 -0.01
29 -0.01112604669781612 -0.04874639560909109 -0.01
30 0.03117449009293646 -0.03909157412340167 -0.01
31 0.4964905480067585 0.05913658546068277 0.01
32 0.4860114570402054 0.1174430228904916 0.01
33 0.4687098305670606 0.174100817717199 0.01
34 0.4448285454973739 0.2283146186968561 0.01
35 0.4147028427251013 0.2793233829018257 0.01
36 0.3787556210808105 0.3264110590952603 0.01
37 0.3374915007591058 0.3689166395208631 0.01
38 0.2914897395572367 0.4062434390028402 0.01
39 0.2413961013653733 0.4378674710978179 0.01
40 0.1879137910571202 0.4633448037159162 0.01
41 0.1317935830345353 0.4823177909541789 0.01
42 0.07382328200124218 0.4945200936610817 0.01
43 0.01481666391128172 0.4997804182543971 0.01
44 -0.04439794766146529 0.4980249213076087 0.01
45 -0.102989309370547 0.4892782461497525 0.01
46 -0.1601349269314165 0.4736631769270965 0.01
47 -0.2150326011382577 0.451398914982873 0.01
48 -0.2669116889823929 0.4227980017509146 0.01
49 -0.3150439217908531 0.3882619313590232 0.01
50 -0.3587536285221632 0.348275514531501 0.01
51 -0.3974272207066745 0.3034000729092994 0.01
52 -0.4305218058836758 0.2542655593246135 0.01
53 -0.4575728086215076 0.2015617146439898 0.01
54 -0.47820049213826 0.1460283853184918 0.01
55 -0.4921152889737976 0.08844513756129095 0.01
56 -0.4991218658821605 0.02962031394686172 0.01
57 -0.499121865882161 -0.02962031394685252 0.01
58 -0.4921152889737993 -0.08844513756128143 0.01
59 -0.4782004921382627 -0.1460283853184829 0.01
60 -0.4575728086215113 -0.2015617146439813 0.01
61 -0.4305218058836807 -0.2542655593246053 0.01
62 -0.3974272207066801 -0.3034000729092921 0.01
63 -0.3587536285221695 -0.3482755145314945 0.01
64 -0.3150439217908599 -0.3882619313590177 0.01
65 -0.2669116889824 -0.4227980017509101 0.01
66 -0.215032601138265 -0.4513989149828695 0.01
67 -0.1601349269314237 -0.473663176927094 0.01
68 -0.102989309370554 -0.489278246149751 0.01
69 -0.04439794766147171 -0.4980249213076081 0.01
70 0.01481666391127572 -0.4997804182543973 0.01
71 0.07382328200123668 -0.4945200936610826 0.01
72 0.1317935830345306 -0.4823177909541802 0.01
73 0.1879137910571161 -0.4633448037159179 0.01
74 0.2413961013653698 -0.4378674710978199 0.01
75 0.2914897395572341 -0.406243439002842 0.01
76 0.3374915007591036 -0.3689166395208651 0.01
77 0.3787556210808087 -0.3264110590952624 0.01
78 0.4147028427251001 -0.2793233829018274 0.01
79 0.4448285454973731 -0.2283146186968577 0.01
80 0.4687098305670601 -0.1741008177172004 0.01
81 0.4860114570402053 -0.1174430228904923 0.01
82 0.4964905480067585 -0.0591365854606832 0.01
83 0.4964905480067585 0.05913658546068277 -0.01
84 0.4860114570402054 0.1174430228904916 -0.01
85 0.4687098305670606 0.174100817717199 -0.01
86 0.4448285454973739 0.2283146186968561 -0.01
87 0.4147028427251013 0.2793233829018257 -0.01
88 0.3787556210808105 0.3264110590952603 -0.01
89 0.3374915007591058 0.3689166395208631 -0.01
90 0.2914897395572367 0.4062434390028402 -0.01
91 0.2413961013653733 0.4378674710978179 -0.01
92 0.1879137910571202 0.4633448037159162 -0.01
93 0.1317935830345353 0.4823177909541789 -0.01
94 0.07382328200124218 0.4945200936610817 -0.01
95 0.01481666391128172 0.4997804182543971 -0.01
96 -0.04439794766146529 0.4980249213076087 -0.01
97 -0.102989309370547 0.4892782461497525 -0.01
98 -0.1601349269314165 0.4736631769270965 -0.01
99 -0.2150326011382577 0.451398914982873 -0.01
100 -0.2669116889823929 0.4227980017509146 -0.01
101 -0.3150439217908531 0.3882619313590232 -0.01
102 -0.3587536285221632 0.348275514531501 -0.01
103 -0.3974272207066745 0.3034000729092994 -0.01
104 -0.4305218058836758 0.2542655593246135 -0.01
105 -0.4575728086215076 0.2015617146439898 -0.01
106 -0.47820049213826 0.1460283853184918 -0.01
107 -0.4921152889737976 0.08844513756129095 -0.01
108 -0.4991218658821605 0.02962031394686172 -0.01
109 -0.499121865882161 -0.02962031394685252 -0.01
110 -0.4921152889737993 -0.08844513756128143 -0.01
111 -0.4782004921382627 -0.1460283853184829 -0.01
112 -0.4575728086215113 -0.2015617146439813 -0.01
113 -0.4305218058836807 -0.2542655593246053 -0.01
114 -0.3974272207066801 -0.3034000729092921 -0.01
115 -0.3587536285221695 -0.3482755145314945 -0.01
116 -0.3150439217908599 -0.3882619313590177 -0.01
117 -0.2669116889824 -0.4227980017509101 -0.01
118 -0.215032601138265 -0.4513989149828695 -0.01
119 -0.1601349269314237 -0.473663176927094 -0.01
120 -0.102989309370554 -0.489278246149751 -0.01
121 -0.04439794766147171 -0.4980249213076081 -0.01
122 0.01481666391127572 -0.4997804182543973 -0.01
123 0.07382328200123668 -0.4945200936610826 -0.01
124 0.1317935830345306 -0.4823177909541802 -0.01
125 0.1879137910571161 -0.4633448037159179 -0.01
126 0.2413961013653698 -0.4378674710978199 -0.01
127 0.2914897395572341 -0.406243439002842 -0.01
128 0.3374915007591036 -0.3689166395208651 -0.01
129 0.3787556210808087 -0.3264110590952624 -0.01
130 0.4147028427251001 -0.2793233829018274 -0.01
131 0.4448285454973731 -0.2283146186968577 -0.01
132 0.4687098305670601 -0.1741008177172004 -0.01
133 0.4860114570402053 -0.1174430228904923 -0.01
134 0.4964905480067585 -0.0591365854606832 -0.01
135 0.0450484433951209 -0.02169418695587804 -0.0002162060282503344
136 0.04504844339512097 0.02169418695587789 0.0002162060282503275
137 0.01171755572942846 0.04860760113117843 0
138 -0.03117449009293662 0.03909157412340154 0.0002162060282503275
139 -0.05 1.615544574432587e-16 -0.0002162060282503153
140 0.01112604669781537 -0.04874639560909127 0.0002162060282503292
141 -0.03117449009293692 -0.03909157412340129 0.0002162060282503257
142 -8.673617379884035e-17 1.982541115402065e-17 0.01
143 -8.673617379884035e-17 1.982541115402065e-17 -0.01
144 0.0450484433951209 -0.02169418695587804 -0.0002162060282503344
145 0.0453683774161775 0.02101690582895768 1.734723475976807e-18
146 0.01112604669781576 0.04874639560909117 0.0002162060282503275
147 -0.03117449009293662 0.03909157412340154 0.0002162060282503275
148 -0.05 1.393499969507556e-16 0.0002162060282503223
149 0.01112604669781541 -0.04874639560909125 -0.0002162060282503309
150 -0.03164720064845891 -0.038709878469406 0
151 -0.08001691881289077 -0.001261086000397198 0.01
152 0.02253069928746916 0.07580970944186283 0.01
153 0.02233687051290125 -0.07672812697316678 0.01
154 0.07444145539427838 0.03295063768661397 0.01
155 0.06836286729069713 -0.03338643575492332 0.01
156 -0.04675986383715489 0.06740653169629227 0.01
157 -0.05136991263362486 -0.06085360708757524 0.01
158 0.2870815241302662 0.3507053687642889 0.01
159 0.2859505849947461 -0.3521361201264068 0.01
160 -0.3984044388820662 -0.2044867814154896 0.01
161 -0.3973832236580024 0.2096661783663026 0.01
162 -0.1201762365383485 0.4317839936200337 0.01
163 -0.1193959737515194 -0.4327585144212359 0.01
164 0.4462970789910639 0.0263282009035759 0.01
165 0.410665132261082 -0.1801274674065979 0.01
166 0.08951988836443014 0.4383712462172497 0.01
167 0.09302176276015819 -0.438336610017264 0.01
168 -0.4458964657078076 -0.003176989318151077 0.01
169 0.4169085692422529 0.1820188701573739 0.01
170 -0.2694481386564144 0.3636021505081296 0.01
171 -0.2623169266753893 -0.3645421815417932 0.01
172 -0.01219142818148968 0.4533984675662831 0.01
173 0.1948659964657602 -0.4049388224209134 0.01
174 -0.0126930693223753 -0.4482274756891452 0.01
175 0.3605147383048145 -0.2713415529396211 0.01
176 -0.4433635969034583 -0.09781266855470025 0.01
177 0.4407561465050993 -0.07921464518998465 0.01
178 -0.4310894055208876 0.09977349473221658 0.01
179 -0.3375929831788357 0.300589939235315 0.01
180 0.1947001600685561 0.3990426462741595 0.01
181 0.3559501081142659 0.2717360138591174 0.01
182 -0.3422134270944495 -0.2930298807247934 0.01
183 0.04215692562189816 -0.4464870403579129 0.01
184 0.01579116275988979 -0.3989530723027555 0.01
185 -0.03846072048109653 -0.3963548662981851 0.01
186 -0.008549830200560556 -0.3503178479431625 0.01
187 -0.0627464580671639 -0.3460985779347758 0.01
188 -0.03319299093525963 -0.3015706710463078 0.01
189 0.02739916916868911 -0.3011717139588848 0.01
190 -0.0864536626604452 -0.2980923021778819 0.01
191 -0.05743257385857047 -0.2538974903876319 0.01
192 -0.1096763266522936 -0.2506377321966976 0.01
193 -0.08099049828411806 -0.2073516017372475 0.01
194 -0.1326662347475624 -0.2040870640309387 0.01
195 -0.03004205463686293 -0.2106104398797408 0.01
196 -0.1617168573655459 -0.247319442106433 0.01
197 -0.1844017465478133 -0.2003095085089739 0.01
198 -0.1555166220681597 -0.1576959878107432 0.01
199 -0.2066773707850476 -0.1536214789550033 0.01
200 -0.1779813536971902 -0.1113204818088525 0.01
201 -0.2287717752682145 -0.1073566395344176 0.01
202 -0.1997725689773306 -0.06444534854149747 0.01
203 -0.2506313811225321 -0.06125232362587531 0.01
204 -0.2214107319693926 -0.01778932716032664 0.01
205 -0.2729937851665758 -0.01509585164597749 0.01
206 -0.2436015682699854 0.02817643934114589 0.01
207 -0.2799227450522404 -0.1028739957087201 0.01
208 -0.2962539001740638 0.03177833922170896 0.01
209 -0.2661125623968685 0.07479037649736861 0.01
210 -0.2141347552197309 0.07091953219962992 0.01
211 -0.2362332515340306 0.1174697982723733 0.01
212 -0.1845297392460044 0.112999601549311 0.01
213 -0.2065655539017103 0.1596644267263044 0.01
214 -0.1555097970339605 0.1547904319654128 0.01
215 -0.1771196192773406 0.201838380429315 0.01
216 -0.1257745986355658 0.1974773500093248 0.01
217 -0.147656313650926 0.2447063768717121 0.01
218 -0.09599590694457363 0.2399318289279701 0.01
219 -0.07387816608939717 0.1943520057303772 0.01
220 -0.04402541289370432 0.2352857405380401 0.01
221 -0.0659437382132347 0.282267136057588 0.01
222 -0.01403099161748183 0.2773079041557494 0.01
223 0.007550263119243335 0.2300230238729521 0.01
224 0.03761566387087205 0.2718399134367601 0.01
225 0.05872178509392399 0.2244717823285064 0.01
226 0.08916516710257394 0.2664560580074653 0.01
227 0.1099397803120222 0.2190019689797866 0.01
228 0.1411647019958185 0.2613327082643052 0.01
229 0.1622865005038405 0.213520802917508 0.01
230 0.1301590649545005 0.1724842396905377 0.01
231 0.1830410242229989 0.166399715865916 0.01
232 0.2141557265135536 0.2077967629616747 0.01
233 0.2350743475858215 0.1598471094280128 0.01
234 0.2039205930596467 0.1185196468278884 0.01
235 0.2555788145154732 0.1117378352755403 0.01
236 0.2231985985864656 0.06933908022017264 0.01
237 0.275786257191032 0.0635756445552461 0.01
238 0.2432714177414455 0.02109605674275629 0.01
239 0.296343417816575 0.01529072986539773 0.01
240 0.2646129489572533 -0.02619536053158978 0.01
241 0.2115961854379781 -0.02096288974540276 0.01
242 0.2325720050169298 -0.06792758689253039 0.01
243 0.2848356010324204 -0.07415386253408214 0.01
244 0.2528674534955966 -0.1156748116901462 0.01
245 0.2009481833856913 -0.1090687498161376 0.01
246 0.2207874235321597 -0.1566704888322904 0.01
247 0.1693833192903527 -0.1495828564762511 0.01
248 0.1889327460132484 -0.1975665232488694 0.01
249 0.1377512917322007 -0.1900898727823709 0.01
250 0.1567923376217614 -0.2387079488956307 0.01
251 -0.2581612441259426 0.1638926622004524 0.01
252 -0.2366937616230969 -0.1962887476464477 0.01
253 0.2727681672755913 -0.1641966598952131 0.01
254 -0.1999895705973333 0.2492755340517849 0.01
255 -0.1696687999278467 0.2931044106977483 0.01
256 0.3285307818788581 0.05762706622107913 0.01
257 0.1185978716924884 -0.1429629772548053 0.01
258 0.01628335635801327 0.318203853170175 0.01
259 0.08866068913703054 -0.1819813317722779 0.01
260 -0.3257777209674796 -0.01223635099019241 0.01
261 0.2091834781590534 -0.2462682389271371 0.01
262 0.1197777496135997 0.3097458602566358 0.01
263 0.2875265467114626 0.1534428314283059 0.01
264 0.1716260602884136 0.07747044777916989 0.01
265 -0.3191576097550752 0.07929009716750049 0.01
266 -0.1635665148460402 0.06646050914344731 0.01
267 0.02803681375618935 0.1835080785070716 0.01
268 0.1763420592986495 -0.2883859867810393 0.01
269 -0.05293453800853999 -0.1657862533939382 0.01
270 0.1731966275544222 0.3043979518608835 0.01
271 -0.1498155856499856 -0.06843037400482443 0.01
272 0.3492156210560071 0.00893388915484151 0.01
273 -0.004219554832525885 -0.1688549741700445 0.01
274 0.1233289809476264 -0.2804712807095198 0.01
275 -0.1226150255484583 -0.3435228007679761 0.01
276 0.1415711634426403 -0.329922760005905 0.01
277 0.01667405108392758 -0.2130268271749461 0.01
278 0.07114018963036003 -0.1363430653914204 0.01
279 0.1021432917127487 -0.09906412458813429 0.01
280 -0.02988164023332564 -0.1280949212742846 0.01
281 -0.07788055739092278 -0.123535467251754 0.01
282 -0.2209468291893496 0.2961060555303153 0.01
283 -0.2530401220214268 0.2530569417708308 0.01
284 -0.1890312505440321 0.3405715576445516 0.01
285 -0.1372170144611459 0.3373500901095977 0.01
286 0.08786269223876014 -0.3212609585849154 0.01
287 0.2272411701586647 -0.2938235488400199 0.01
288 0.2614212367289528 -0.2521565513919104 0.01
289 0.3934749599571064 0.05203135131830729 0.01
290 0.3620369235415893 0.1000003811967796 0.01
291 0.4081795852771866 0.09924763745520104 0.01
292 0.1069263287759348 -0.3760897828121797 0.01
293 0.1535923512035268 0.3544027696983333 0.01
294 0.09641220073458696 0.3591888142839841 0.01
295 0.0694107456536045 -0.2720990519661119 0.01
296 -0.2753271716129294 0.3065507003808663 0.01
297 0.1500358072754288 -0.1035363412008041 0.01
298 0.1327112604119258 -0.0580840930186076 0.01
299 0.1809554274558204 -0.0629880442526875 0.01
300 0.1586983120537581 -0.01657629409255424 0.01
301 0.1910979821532736 0.02829366499122903 0.01
302 0.1381973188115805 0.03939558904323235 0.01
303 0.1212523874486664 0.08874899832774882 0.01
304 0.1088607745141688 -0.003797643407969236 0.01
305 -0.1575771142147566 0.3855031875799536 0.01
306 -0.1924004982275646 0.02518101807386105 0.01
307 -0.1451346220378635 0.02125911809108541 0.01
308 -0.1197631076338224 0.05904462967663743 0.01
309 -0.1711752415831662 -0.02112066018249723 0.01
310 -0.1349846078417398 0.1062062875583418 0.01
311 -0.08530060723739177 0.1000702072801218 0.01
312 -0.04063746676269595 0.1105607746102761 0.01
313 -0.1194558092335566 -0.02270931190543345 0.01
314 -0.0938094210798659 -0.07527368956671289 0.01
315 -0.02149636140203135 0.188287768173119 0.01
316 -0.004826819091299979 0.1391785448579118 0.01
317 0.04723421382537678 0.1401824411359652 0.01
318 0.0783422549729926 0.1786454332813148 0.01
319 0.0984469823009273 0.1331090218640728 0.01
320 0.06668118891119133 0.09362750339750706 0.01
321 -0.1265444806483011 -0.1163911773509447 0.01
322 0.2058915769451174 0.3482909448499474 0.01
323 0.2280580322919137 0.2973894975403544 0.01
324 -0.1044221551912673 -0.1624745919292611 0.01
325 -0.1044078063547257 0.1512048431413695 0.01
326 -0.005427130161439822 -0.2571180541448313 0.01
327 0.1065058051687719 -0.2304373301981044 0.01
328 0.01980271411879867 -0.1234804284537702 0.01
329 -0.2140988933476916 -0.2438109973077427 0.01
330 -0.1908509264740269 -0.2882045084548068 0.01
331 -0.2664471999265152 -0.2393513990643735 0.01
332 -0.2903990772227034 -0.1911652658842197 0.01
333 -0.3188710645652824 -0.2407996335795769 0.01
334 -0.3452665748903453 -0.1881010015240452 0.01
335 0.2668616856420913 0.2021504318527874 0.01
336 0.3173941370195407 0.194242798526109 0.01
337 0.3055353841062046 0.2510128042922098 0.01
338 0.3053825067787223 -0.1228065861921973 0.01
339 0.33749964465763 -0.0812378700282128 0.01
340 0.3230135198469258 -0.1721295451573103 0.01
341 -0.03560750707732096 0.3250945926197928 0.01
342 2.822569434373853e-05 0.3696018990723517 0.01
343 -0.05804516942511244 0.3721853808527588 0.01
344 0.1529770486647989 0.1270893541146865 0.01
345 0.1968396136145026 -0.3450036690237615 0.01
346 -0.2877835740512578 0.1219173704281715 0.01
347 -0.3409108666429987 0.1276290388419419 0.01
348 -0.3734955792715226 0.08393330072047345 0.01
349 -0.3499188249850954 0.03528861775412923 0.01
350 -0.3810400613754491 -0.00937872769675558 0.01
351 -0.3565177705560215 -0.05466027154123782 0.01
352 -0.4055874078374878 0.04125405737054895 0.01
353 -0.4152410843118889 -0.05149803884487951 0.01
354 -0.1171915787817474 0.2877440597852805 0.01
355 0.3167362342575694 -0.03267189016041558 0.01
356 0.3080076396558908 0.1057749721396957 0.01
357 0.194013925727511 0.2555481436236553 0.01
358 0.2409789149074658 -0.2046706357917821 0.01
359 -0.259369952992543 -0.1491979596355213 0.01
360 -0.1387695631796639 -0.2938929120059077 0.01
361 -0.2292575686340257 0.2062598710668466 0.01
362 0.06764305103747047 0.3129439918398914 0.01
363 0.04700955100278431 -0.3555543713147572 0.01
364 -0.3013365849804722 -0.05738155033366623 0.01
365 0.3667846954996826 -0.1374610876422595 0.01
366 -0.2417707408279076 -0.2847313689009748 0.01
367 0.137653915912084 0.4071665836853712 0.01
368 0.04897809434678841 0.3963083599927413 0.01
369 -0.3117150864248969 -0.1441980963717804 0.01
370 -0.3666704411633284 -0.1398667416624972 0.01
371 -0.2149167354482535 0.3901950366797964 0.01
372 -0.3102080806628205 0.1689258616701554 0.01
373 -0.08683286485045824 0.3295506234558764 0.01
374 0.2480046987369899 0.2513746687170132 0.01
375 0.3386646209094056 0.1459473273347042 0.01
376 -0.06667122031955294 -0.4422343667317523 0.01
377 0.3915277220130454 -0.08754893204664986 0.01
378 0.3677878503627592 -0.03999346095501947 0.01
379 0.4021247489061409 -0.004884153074263153 0.01
380 0.2918072811766211 -0.2113545585766839 0.01
381 -0.4221502781961605 -0.1469868033140205 0.01
382 0.4462112506188435 -0.02678715034898825 0.01
383 -0.2814883379599665 0.2108154429384118 0.01
384 -0.3370745878196806 0.2134155637443056 0.01
385 0.03780107748684287 0.4495120206254046 0.01
386 0.427409163981029 -0.1293159954821974 0.01
387 0.1450213570618979 -0.4234538780897533 0.01
388 0.3899906288742605 -0.2273066035512646 0.01
389 -0.06486454631694646 0.4481217221702066 0.01
390 -0.4187517806289732 0.1599690207700089 0.01
391 0.2419327720299362 -0.3816832083563155 0.01
392 0.3252981953147712 -0.3121543754753772 0.01
393 -0.3673565500981664 0.2563044468438468 0.01
394 -0.3721174220037506 -0.247347154912967 0.01
395 0.3254055286846623 0.314847139231282 0.01
396 0.3910186159797265 0.230558560843089 0.01
397 -0.3061457617478849 -0.333049306676824 0.01
398 0.04171956778914553 -0.1723357400761986 0.01
399 -0.05099906129029921 0.1543327763046388 0.01
400 -0.170819001982861 -0.4184067734611084 0.01
401 -0.2185065426055881 -0.3938847845029646 0.01
402 -0.1727439122024421 -0.3672422201995423 0.01
403 0.2730027442882296 0.2999847761258408 0.01
404 -0.1098081844268411 0.3802684341874756 0.01
405 -0.09307438427382853 -0.387728734216 0.01
406 -0.2170105171750577 -0.3349909474374072 0.01
407 0.2440817333076485 0.3794548413664918 0.01
408 0.3421697724317307 -0.2198814108237005 0.01
409 0.0608578500815581 -0.09355583276907622 0.01
410 -0.3053127264543667 0.2565673224158295 0.01
411 -0.33226949573027 -0.09839440223838761 0.01
412 -0.4541508286406151 0.05409353591477052 0.01
413 -0.3654988881574646 0.1680621918437888 0.01
414 0.275032364383074 -0.300592955834177 0.01
415 -0.01895209392154053 -0.08706780477825059 0.01
416 -0.08033351820395747 0.04161631166189815 0.01
417 -0.07794010103101184 -0.03635837630319929 0.01
418 -0.2903568182048427 -0.285552112678055 0.01
419 0.06219484133719903 -0.21945673555832 0.01
420 -0.3886898914683363 -0.09216452828897147 0.01
421 0.06343639420155003 -0.400570134260926 0.01
422 0.309373931389994 -0.261246900840245 0.01
423 -0.3112331687522392 0.341456047202967 0.01
424 -0.3859493040443693 0.1278734093816859 0.01
425 0.3883722128410035 0.1415403377678506 0.01
426 0.1556066802778875 -0.3756954586180646 0.01
427 0.439809836253073 0.1365030903605293 0.01
428 0.3667311861998582 0.1872829278739259 0.01
429 0.04586898563424058 0.3512493836718287 0.01
430 0.09351559977905544 0.06075430916299741 0.01
431 0.03492269242484097 -0.2499672597161464 0.01
432 -0.01000583930117169 0.09287444725120936 0.01
433 -0.1357296595518219 -0.3899318086131726 0.01
434 -0.03247880976700372 0.4098848115544194 0.01
435 0.4490325928839171 0.07650334066272696 0.01
436 -0.1741319354889608 0.4286165879967486 0.01
437 0.2418347926943245 -0.3369020651388633 0.01
438 0.3665247497827362 -0.1873812229162265 0.01
439 0.3477727385675335 0.2285066363405444 0.01
440 0.02258967937193961 0.1118660548046124 0.01
441 -0.4604542107294028 -0.05443141603551568 0.01
442 0.05555333039617863 -0.06118094382387011 0.01
443 0.05766868669298621 0.06044674676247655 0.01
444 -0.1667661307750783 -0.3243944225189557 0.01
445 0.09322464803404049 -0.06185043103641815 0.01
446 -0.08073471890511236 0.4099684865509292 0.01
447 -0.2655365335288244 -0.3217031630420583 0.01
448 -0.1084967081337889 0.02124854359047655 0.01
449 0.4104517590101154 -0.04927843334862483 0.01
450 0.009408155505298669 0.4154418049903643 0.01
451 -0.05437872505185594 -0.09496509799171546 0.01
452 0.2476231221926351 0.3351650857293846 0.01
453 -0.23227893821395 0.3373888543114609 0.01
454 0.1059505743877895 0.03086831632169681 0.01
455 0.09314102483947238 0.4002587510448365 0.01
456 -0.08001691881289055 -0.001261086000397252 -0.01
457 0.02253069928746964 0.07580970944186277 -0.01
458 0.02233687051290151 -0.07672812697316664 -0.01
459 0.07444145539427892 0.03295063768661392 -0.01
460 0.06836286729069752 -0.0333864357549233 -0.01
461 -0.04675986383715441 0.06740653169629204 -0.01
462 -0.05136991263362475 -0.06085360708757527 -0.01
463 0.2870815241302667 0.3507053687642885 -0.01
464 0.2859505849947462 -0.3521361201264069 -0.01
465 -0.3984044388820662 -0.2044867814154896 -0.01
466 -0.397383223658002 0.2096661783663026 -0.01
467 -0.1201762365383481 0.4317839936200336 -0.01
468 -0.1193959737515194 -0.4327585144212359 -0.01
469 0.4462970789910646 0.02632820090357556 -0.01
470 0.4106651322610824 -0.1801274674065981 -0.01
471 0.08951988836443045 0.4383712462172494 -0.01
472 0.09302176276015824 -0.438336610017264 -0.01
473 -0.445896465707807 -0.003176989318150661 -0.01
474 0.4169085692422536 0.1820188701573737 -0.01
475 -0.2694481386564136 0.3636021505081296 -0.01
476 -0.2623169266753893 -0.3645421815417932 -0.01
477 -0.01219142818148889 0.4533984675662832 -0.01
478 0.1948659964657604 -0.4049388224209135 -0.01
479 -0.0126930693223753 -0.4482274756891452 -0.01
480 0.3605147383048149 -0.2713415529396213 -0.01
481 -0.4433635969034578 -0.09781266855469985 -0.01
482 0.4407561465050993 -0.07921464518998465 -0.01
483 -0.4310894055208869 0.09977349473221721 -0.01
484 -0.337592983178835 0.300589939235315 -0.01
485 0.1947001600685568 0.3990426462741592 -0.01
486 0.3559501081142659 0.2717360138591174 -0.01
487 -0.3422134270944495 -0.293029880724793 -0.01
488 0.04215692562189817 -0.4464870403579128 -0.01
489 0.01579116275988984 -0.3989530723027555 -0.01
490 -0.03846072048109653 -0.3963548662981851 -0.01
491 -0.008549830200560495 -0.3503178479431624 -0.01
492 -0.06274645806716389 -0.3460985779347758 -0.01
493 -0.03319299093525953 -0.3015706710463078 -0.01
494 0.02739916916868956 -0.301171713958885 -0.01
495 -0.08645366266044509 -0.2980923021778819 -0.01
496 -0.05743257385857027 -0.2538974903876319 -0.01
497 -0.1096763266522934 -0.2506377321966974 -0.01
498 -0.08099049828411781 -0.2073516017372474 -0.01
499 -0.1326662347475621 -0.2040870640309384 -0.01
500 -0.03004205463686268 -0.2106104398797408 -0.01
501 -0.1617168573655458 -0.2473194421064328 -0.01
502 -0.1844017465478131 -0.2003095085089736 -0.01
503 -0.1555166220681593 -0.157695987810743 -0.01
504 -0.2066773707850472 -0.1536214789550029 -0.01
505 -0.1779813536971897 -0.1113204818088522 -0.01
506 -0.228771775268214 -0.1073566395344172 -0.01
507 -0.1997725689773299 -0.06444534854149717 -0.01
508 -0.2506313811225314 -0.06125232362587484 -0.01
509 -0.2214107319693917 -0.01778932716032632 -0.01
510 -0.2729937851665749 -0.0150958516459769 -0.01
511 -0.2436015682699842 0.02817643934114628 -0.01
512 -0.2799227450522398 -0.1028739957087195 -0.01
513 -0.2962539001740626 0.03177833922170967 -0.01
514 -0.266112562396867 0.0747903764973691 -0.01
515 -0.2141347552197295 0.0709195321996301 -0.01
516 -0.2362332515340289 0.1174697982723736 -0.01
517 -0.1845297392460028 0.112999601549311 -0.01
518 -0.2065655539017086 0.1596644267263045 -0.01
519 -0.1555097970339588 0.1547904319654128 -0.01
520 -0.1771196192773387 0.201838380429315 -0.01
521 -0.1257745986355641 0.1974773500093247 -0.01
522 -0.1476563136509242 0.244706376871712 -0.01
523 -0.09599590694457183 0.2399318289279699 -0.01
524 -0.07387816608939543 0.194352005730377 -0.01
525 -0.04402541289370257 0.2352857405380399 -0.01
526 -0.06594373821323289 0.2822671360575878 -0.01
527 -0.01403099161748006 0.2773079041557492 -0.01
528 0.007550263119245053 0.2300230238729518 -0.01
529 0.03761566387087378 0.2718399134367598 -0.01
530 0.05872178509392569 0.2244717823285061 -0.01
531 0.08916516710257566 0.266456058007465 -0.01
532 0.1099397803120239 0.2190019689797864 -0.01
533 0.1411647019958202 0.2613327082643049 -0.01
534 0.1622865005038422 0.2135208029175077 -0.01
535 0.1301590649545023 0.1724842396905376 -0.01
536 0.1830410242230006 0.1663997158659158 -0.01
537 0.2141557265135552 0.2077967629616745 -0.01
538 0.2350743475858233 0.1598471094280126 -0.01
539 0.2039205930596484 0.1185196468278881 -0.01
540 0.2555788145154749 0.11173783527554 -0.01
541 0.2231985985864673 0.06933908022017236 -0.01
542 0.2757862571910337 0.06357564455524578 -0.01
543 0.2432714177414471 0.021096056742756 -0.01
544 0.2963434178165767 0.01529072986539736 -0.01
545 0.2646129489572551 -0.02619536053159017 -0.01
546 0.2115961854379798 -0.02096288974540302 -0.01
547 0.2325720050169315 -0.06792758689253073 -0.01
548 0.2848356010324221 -0.07415386253408261 -0.01
549 0.2528674534955981 -0.1156748116901466 -0.01
550 0.2009481833856928 -0.1090687498161378 -0.01
551 0.2207874235321611 -0.1566704888322907 -0.01
552 0.169383319290354 -0.1495828564762514 -0.01
553 0.1889327460132497 -0.1975665232488696 -0.01
554 0.1377512917322019 -0.1900898727823711 -0.01
555 0.1567923376217625 -0.238707948895631 -0.01
556 -0.2581612441259407 0.1638926622004526 -0.01
557 -0.2366937616230966 -0.1962887476464472 -0.01
558 0.2727681672755927 -0.1641966598952136 -0.01
559 -0.1999895705973314 0.2492755340517849 -0.01
560 -0.1696687999278448 0.2931044106977482 -0.01
561 0.3285307818788599 0.05762706622107881 -0.01
562 0.1185978716924896 -0.1429629772548055 -0.01
563 0.01628335635801501 0.3182038531701747 -0.01
564 0.0886606891370316 -0.181981331772278 -0.01
565 -0.3257777209674786 -0.01223635099019155 -0.01
566 0.2091834781590545 -0.2462682389271376 -0.01
567 0.1197777496136014 0.3097458602566355 -0.01
568 0.2875265467114643 0.1534428314283057 -0.01
569 0.1716260602884153 0.07747044777916957 -0.01
570 -0.3191576097550737 0.07929009716750132 -0.01
571 -0.1635665148460388 0.06646050914344726 -0.01
572 0.02803681375619105 0.1835080785070714 -0.01
573 0.1763420592986505 -0.2883859867810397 -0.01
574 -0.0529345380085397 -0.1657862533939381 -0.01
575 0.1731966275544239 0.3043979518608831 -0.01
576 -0.149815585649985 -0.06843037400482437 -0.01
577 0.3492156210560088 0.008933889154841067 -0.01
578 -0.004219554832525474 -0.1688549741700444 -0.01
579 0.1233289809476275 -0.28047128070952 -0.01
580 -0.1226150255484582 -0.3435228007679761 -0.01
581 0.1415711634426411 -0.3299227600059051 -0.01
582 0.01667405108392804 -0.2130268271749461 -0.01
583 0.07114018963036101 -0.1363430653914203 -0.01
584 0.1021432917127499 -0.09906412458813425 -0.01
585 -0.0298816402333253 -0.1280949212742845 -0.01
586 -0.07788055739092249 -0.1235354672517539 -0.01
587 -0.2209468291893478 0.2961060555303153 -0.01
588 -0.2530401220214249 0.2530569417708309 -0.01
589 -0.1890312505440306 0.3405715576445517 -0.01
590 -0.1372170144611441 0.3373500901095977 -0.01
591 0.08786269223876098 -0.3212609585849155 -0.01
592 0.2272411701586656 -0.2938235488400204 -0.01
593 0.261421236728954 -0.2521565513919111 -0.01
594 0.3934749599571077 0.05203135131830683 -0.01
595 0.362036923541591 0.1000003811967793 -0.01
596 0.408179585277188 0.09924763745520063 -0.01
597 0.1069263287759353 -0.3760897828121798 -0.01
598 0.1535923512035281 0.3544027696983329 -0.01
599 0.09641220073458862 0.3591888142839837 -0.01
600 0.06941074565360542 -0.2720990519661121 -0.01
601 -0.2753271716129282 0.3065507003808663 -0.01
602 0.1500358072754301 -0.1035363412008043 -0.01
603 0.132711260411927 -0.05808409301860766 -0.01
604 0.1809554274558219 -0.0629880442526877 -0.01
605 0.1586983120537596 -0.01657629409255437 -0.01
606 0.1910979821532752 0.02829366499122875 -0.01
607 0.1381973188115822 0.03939558904323199 -0.01
608 0.1212523874486681 0.08874899832774849 -0.01
609 0.1088607745141697 -0.003797643407969475 -0.01
610 -0.1575771142147555 0.3855031875799537 -0.01
611 -0.1924004982275634 0.02518101807386117 -0.01
612 -0.1451346220378625 0.02125911809108534 -0.01
613 -0.1197631076338215 0.0590446296766373 -0.01
614 -0.1711752415831653 -0.02112066018249717 -0.01
615 -0.1349846078417384 0.1062062875583416 -0.01
616 -0.08530060723739054 0.1000702072801215 -0.01
617 -0.04063746676269489 0.1105607746102755 -0.01
618 -0.1194558092335561 -0.0227093119054335 -0.01
619 -0.09380942107986559 -0.07527368956671286 -0.01
620 -0.02149636140202966 0.1882877681731188 -0.01
621 -0.004826819091298546 0.1391785448579115 -0.01
622 0.04723421382537849 0.1401824411359651 -0.01
623 0.07834225497299432 0.1786454332813146 -0.01
624 0.09844698230092908 0.1331090218640726 -0.01
625 0.06668118891119325 0.09362750339750693 -0.01
626 -0.1265444806483007 -0.1163911773509445 -0.01
627 0.2058915769451192 0.3482909448499469 -0.01
628 0.2280580322919153 0.297389497540354 -0.01
629 -0.104422155191267 -0.1624745919292609 -0.01
630 -0.1044078063547241 0.1512048431413693 -0.01
631 -0.005427130161439545 -0.2571180541448314 -0.01
632 0.1065058051687729 -0.2304373301981046 -0.01
633 0.01980271411879913 -0.1234804284537701 -0.01
634 -0.2140988933476915 -0.2438109973077424 -0.01
635 -0.1908509264740268 -0.2882045084548066 -0.01
636 -0.2664471999265151 -0.2393513990643729 -0.01
637 -0.2903990772227031 -0.1911652658842188 -0.01
638 -0.3188710645652824 -0.2407996335795762 -0.01
639 -0.3452665748903449 -0.188101001524044 -0.01
640 0.2668616856420931 0.2021504318527871 -0.01
641 0.3173941370195422 0.1942427985261086 -0.01
642 0.3055353841062055 0.2510128042922096 -0.01
643 0.3053825067787238 -0.1228065861921979 -0.01
644 0.3374996446576315 -0.0812378700282135 -0.01
645 0.3230135198469269 -0.1721295451573107 -0.01
646 -0.0356075070773192 0.3250945926197928 -0.01
647 2.82256943457067e-05 0.3696018990723516 -0.01
648 -0.05804516942511044 0.3721853808527587 -0.01
649 0.1529770486648007 0.1270893541146861 -0.01
650 0.1968396136145031 -0.3450036690237617 -0.01
651 -0.287783574051256 0.121917370428172 -0.01
652 -0.3409108666429969 0.1276290388419429 -0.01
653 -0.3734955792715209 0.08393330072047465 -0.01
654 -0.349918824985094 0.03528861775413029 -0.01
655 -0.381040061375448 -0.009378727696754595 -0.01
656 -0.3565177705560207 -0.05466027154123694 -0.01
657 -0.4055874078374868 0.04125405737055012 -0.01
658 -0.4152410843118881 -0.05149803884487895 -0.01
659 -0.1171915787817456 0.2877440597852803 -0.01
660 0.3167362342575715 -0.03267189016041609 -0.01
661 0.3080076396558925 0.1057749721396954 -0.01
662 0.1940139257275127 0.255548143623655 -0.01
663 0.2409789149074671 -0.2046706357917826 -0.01
664 -0.2593699529925425 -0.1491979596355208 -0.01
665 -0.1387695631796639 -0.2938929120059072 -0.01
666 -0.2292575686340238 0.2062598710668467 -0.01
667 0.06764305103747215 0.3129439918398911 -0.01
668 0.04700955100278463 -0.3555543713147571 -0.01
669 -0.3013365849804718 -0.0573815503336655 -0.01
670 0.3667846954996835 -0.13746108764226 -0.01
671 -0.2417707408279077 -0.2847313689009745 -0.01
672 0.1376539159120839 0.4071665836853707 -0.01
673 0.04897809434679032 0.3963083599927402 -0.01
674 -0.3117150864248964 -0.1441980963717796 -0.01
675 -0.3666704411633277 -0.139866741662496 -0.01
676 -0.2149167354482528 0.3901950366797964 -0.01
677 -0.3102080806628189 0.1689258616701558 -0.01
678 -0.08683286485045646 0.3295506234558762 -0.01
679 0.2480046987369914 0.2513746687170127 -0.01
680 0.3386646209094071 0.1459473273347038 -0.01
681 -0.06667122031955294 -0.4422343667317523 -0.01
682 0.3915277220130463 -0.08754893204665058 -0.01
683 0.3677878503627605 -0.03999346095501986 -0.01
684 0.4021247489061422 -0.004884153074263291 -0.01
685 0.2918072811766224 -0.2113545585766844 -0.01
686 -0.4221502781961604 -0.1469868033140199 -0.01
687 0.4462112506188449 -0.02678715034898831 -0.01
688 -0.2814883379599648 0.210815442938412 -0.01
689 -0.3370745878196795 0.2134155637443058 -0.01
690 0.03780107748684381 0.4495120206254047 -0.01
691 0.4274091639810294 -0.1293159954821977 -0.01
692 0.1450213570618981 -0.4234538780897533 -0.01
693 0.3899906288742608 -0.2273066035512647 -0.01
694 -0.06486454631694559 0.4481217221702065 -0.01
695 -0.4187517806289727 0.1599690207700093 -0.01
696 0.2419327720299363 -0.3816832083563156 -0.01
697 0.3252981953147718 -0.3121543754753776 -0.01
698 -0.3673565500981657 0.2563044468438469 -0.01
699 -0.3721174220037505 -0.2473471549129667 -0.01
700 0.3254055286846624 0.3148471392312819 -0.01
701 0.3910186159797266 0.2305585608430889 -0.01
702 -0.306145761747885 -0.3330493066768238 -0.01
703 0.04171956778914602 -0.1723357400761983 -0.01
704 -0.05099906129029758 0.1543327763046385 -0.01
705 -0.170819001982861 -0.4184067734611084 -0.01
706 -0.2185065426055881 -0.3938847845029647 -0.01
707 -0.1727439122024421 -0.3672422201995423 -0.01
708 0.2730027442882306 0.2999847761258404 -0.01
709 -0.1098081844268392 0.3802684341874758 -0.01
710 -0.09307438427382855 -0.387728734216 -0.01
711 -0.2170105171750577 -0.3349909474374073 -0.01
712 0.2440817333076491 0.3794548413664914 -0.01
713 0.3421697724317315 -0.2198814108237002 -0.01
714 0.06085785008155875 -0.09355583276907609 -0.01
715 -0.3053127264543653 0.2565673224158301 -0.01
716 -0.3322694957302695 -0.09839440223838673 -0.01
717 -0.4541508286406148 0.05409353591477049 -0.01
718 -0.3654988881574635 0.1680621918437894 -0.01
719 0.2750323643830748 -0.3005929558341776 -0.01
720 -0.01895209392154044 -0.08706780477825056 -0.01
721 -0.08033351820395718 0.04161631166189809 -0.01
722 -0.07794010103101162 -0.03635837630319932 -0.01
723 -0.2903568182048428 -0.2855521126780547 -0.01
724 0.06219484133719973 -0.2194567355583201 -0.01
725 -0.3886898914683362 -0.0921645282889698 -0.01
726 0.06343639420155013 -0.400570134260926 -0.01
727 0.3093739313899948 -0.2612469008402453 -0.01
728 -0.3112331687522386 0.3414560472029671 -0.01
729 -0.3859493040443682 0.1278734093816867 -0.01
730 0.3883722128410048 0.1415403377678502 -0.01
731 0.1556066802778878 -0.3756954586180647 -0.01
732 0.4398098362530743 0.1365030903605291 -0.01
733 0.3667311861998592 0.1872829278739257 -0.01
734 0.04586898563424236 0.3512493836718282 -0.01
735 0.09351559977905666 0.06075430916299719 -0.01
736 0.03492269242484159 -0.2499672597161466 -0.01
737 -0.01000583930117082 0.09287444725120914 -0.01
738 -0.1357296595518218 -0.3899318086131725 -0.01
739 -0.03247880976700189 0.4098848115544193 -0.01
740 0.4490325928839178 0.07650334066272643 -0.01
741 -0.1741319354889605 0.4286165879967485 -0.01
742 0.2418347926943249 -0.3369020651388636 -0.01
743 0.366524749782737 -0.1873812229162267 -0.01
744 0.3477727385675341 0.2285066363405445 -0.01
745 0.02258967937194114 0.1118660548046123 -0.01
746 -0.4604542107294025 -0.05443141603551548 -0.01
747 0.05555333039617909 -0.06118094382386999 -0.01
748 0.05766868669298703 0.06044674676247645 -0.01
749 -0.1667661307750781 -0.3243944225189557 -0.01
750 0.09322464803404144 -0.06185043103641796 -0.01
751 -0.08073471890511053 0.4099684865509288 -0.01
752 -0.2655365335288246 -0.3217031630420585 -0.01
753 -0.1084967081337883 0.02124854359047651 -0.01
754 0.4104517590101169 -0.04927843334862436 -0.01
755 0.009408155505300459 0.4154418049903645 -0.01
756 -0.05437872505185572 -0.09496509799171543 -0.01
757 0.2476231221926362 0.3351650857293842 -0.01
758 -0.2322789382139488 0.3373888543114612 -0.01
759 0.1059505743877903 0.03086831632169704 -0.01
760 0.0931410248394733 0.400258751044836 -0.01
761 -0.003740317309336624 -0.2866201463833413 -8.634444488354216e-18
762 0.09837891780006924 0.47173637694417 -4.75231187174559e-18
763 -0.2655651833982169 -0.2982618998551441 -0.0002533816160645442
764 0.04214700779978909 0.4812708441802945 4.709697311499152e-18
765 -0.3445213518898647 0.09695081224330579 5.633239066657728e-18
766 -0.4636243502131495 0.07821984829826734 0.0001677253575561147
767 0.3533704192932461 0.3043314040618865 4.614158066723501e-18
768 0.2770060425166376 -0.1342260192591858 -2.750164071267311e-18
769 0.2734672561617627 0.2348459682873367 1.762649752706059e-17
770 0.3645893399834231 0.1582568643254933 1.480917514394129e-18
771 0.4121505728376138 -0.21052555269507 6.643613787461466e-06
772 0.04848408288143173 -0.07684654869456486 -0.0006424796431409897
773 0.03951966478456977 -0.2024986109136525 6.127006372503603e-06
$EndNodes
$Elements
3659
1 2 2 3 1 1 135 2
2 2 2 3 1 2 136 1
3 2 2 3 1 1 136 7
4 2 2 3 1 12 135 1
5 2 2 3 1 13 136 2
6 2 2 3 1 2 135 18
7 2 2 3 1 7 137 8
8 2 2 3 1 7 136 13
9 2 2 3 1 13 137 7
10 2 2 3 1 8 138 9
11 2 2 3 1 8 137 14
12 2 2 3 1 14 138 8
13 2 2 3 1 9 139 10
14 2 2 3 1 9 138 15
15 2 2 3 1 15 139 9
16 2 2 3 1 10 141 11
17 2 2 3 1 10 139 16
18 2 2 3 1 16 141 10
19 2 2 3 1 11 140 12
20 2 2 3 1 17 140 11
21 2 2 3 1 11 141 17
22 2 2 3 1 18 135 12
23 2 2 3 1 12 140 18
24 2 2 3 1 14 137 13
25 2 2 3 1 15 138 14
26 2 2 3 1 16 139 15
27 2 2 3 1 17 141 16
28 2 2 3 1 18 140 17
29 2 2 3 2 7 142 1
30 2 2 3 2 1 142 12
31 2 2 3 2 8 142 7
32 2 2 3 2 9 142 8
33 2 2 3 2 10 142 9
34 2 2 3 2 11 142 10
35 2 2 3 2 12 142 11
36 2 2 3 3 13 2 143
37 2 2 3 3 2 18 143
38 2 2 3 3 14 13 143
39 2 2 3 3 15 14 143
40 2 2 3 3 16 15 143
41 2 2 3 3 17 16 143
42 2 2 3 3 18 17 143
43 2 2 4 4 3 144 4
44 2 2 4 4 4 145 3
45 2 2 4 4 3 145 19
46 2 2 4 4 24 144 3
47 2 2 4 4 25 145 4
48 2 2 4 4 4 144 30
49 2 2 4 4 19 146 20
50 2 2 4 4 19 145 25
51 2 2 4 4 25 146 19
52 2 2 4 4 20 147 21
53 2 2 4 4 20 146 26
54 2 2 4 4 26 147 20
55 2 2 4 4 21 148 22
56 2 2 4 4 21 147 27
57 2 2 4 4 27 148 21
58 2 2 4 4 22 150 23
59 2 2 4 4 22 148 28
60 2 2 4 4 28 150 22
61 2 2 4 4 23 149 24
62 2 2 4 4 29 149 23
63 2 2 4 4 23 150 29
64 2 2 4 4 30 144 24
65 2 2 4 4 24 149 30
66 2 2 4 4 26 146 25
67 2 2 4 4 27 147 26
68 2 2 4 4 28 148 27
69 2 2 4 4 29 150 28
70 2 2 4 4 30 149 29
71 2 2 5 5 5 6 31
72 2 2 5 5 82 6 5
73 2 2 5 5 6 83 31
74 2 2 5 5 134 6 82
75 2 2 5 5 31 83 32
76 2 2 5 5 32 84 33
77 2 2 5 5 83 84 32
78 2 2 5 5 33 86 34
79 2 2 5 5 84 85 33
80 2 2 5 5 33 85 86
81 2 2 5 5 34 87 35
82 2 2 5 5 86 87 34
83 2 2 5 5 35 88 36
84 2 2 5 5 87 88 35
85 2 2 5 5 88 37 36
86 2 2 5 5 37 90 38
87 2 2 5 5 88 89 37
88 2 2 5 5 89 90 37
89 2 2 5 5 90 39 38
90 2 2 5 5 39 91 40
91 2 2 5 5 90 91 39
92 2 2 5 5 92 41 40
93 2 2 5 5 91 92 40
94 2 2 5 5 41 93 42
95 2 2 5 5 92 93 41
96 2 2 5 5 42 95 43
97 2 2 5 5 93 94 42
98 2 2 5 5 42 94 95
99 2 2 5 5 43 96 44
100 2 2 5 5 95 96 43
101 2 2 5 5 44 97 45
102 2 2 5 5 44 96 97
103 2 2 5 5 97 46 45
104 2 2 5 5 46 98 47
105 2 2 5 5 97 98 46
106 2 2 5 5 47 99 48
107 2 2 5 5 98 99 47
108 2 2 5 5 48 101 49
109 2 2 5 5 99 100 48
110 2 2 5 5 100 101 48
111 2 2 5 5 101 50 49
112 2 2 5 5 50 102 51
113 2 2 5 5 101 102 50
114 2 2 5 5 51 104 52
115 2 2 5 5 102 103 51
116 2 2 5 5 103 104 51
117 2 2 5 5 52 105 53
118 2 2 5 5 104 105 52
119 2 2 5 5 105 54 53
120 2 2 5 5 54 106 55
121 2 2 5 5 105 106 54
122 2 2 5 5 55 107 56
123 2 2 5 5 106 107 55
124 2 2 5 5 56 108 57
125 2 2 5 5 107 108 56
126 2 2 5 5 57 109 58
127 2 2 5 5 108 109 57
128 2 2 5 5 58 110 59
129 2 2 5 5 109 110 58
130 2 2 5 5 59 112 60
131 2 2 5 5 110 111 59
132 2 2 5 5 111 112 59
133 2 2 5 5 60 113 61
134 2 2 5 5 112 113 60
135 2 2 5 5 61 114 62
136 2 2 5 5 113 114 61
137 2 2 5 5 114 63 62
138 2 2 5 5 63 115 64
139 2 2 5 5 114 115 63
140 2 2 5 5 64 116 65
141 2 2 5 5 115 116 64
142 2 2 5 5 65 117 66
143 2 2 5 5 116 117 65
144 2 2 5 5 66 118 67
145 2 2 5 5 117 118 66
146 2 2 5 5 67 119 68
147 2 2 5 5 118 119 67
148 2 2 5 5 68 120 69
149 2 2 5 5 119 120 68
150 2 2 5 5 69 121 70
151 2 2 5 5 120 121 69
152 2 2 5 5 70 122 71
153 2 2 5 5 121 122 70
154 2 2 5 5 71 124 72
155 2 2 5 5 122 123 71
156 2 2 5 5 71 123 124
157 2 2 5 5 72 125 73
158 2 2 5 5 124 125 72
159 2 2 5 5 73 125 74
160 2 2 5 5 74 126 75
161 2 2 5 5 125 126 74
162 2 2 5 5 127 76 75
163 2 2 5 5 126 127 75
164 2 2 5 5 76 128 77
165 2 2 5 5 127 128 76
166 2 2 5 5 77 129 78
167 2 2 5 5 128 129 77
168 2 2 5 5 78 130 79
169 2 2 5 5 129 130 78
170 2 2 5 5 79 131 80
171 2 2 5 5 130 131 79
172 2 2 5 5 80 133 81
173 2 2 5 5 131 132 80
174 2 2 5 5 132 133 80
175 2 2 5 5 81 134 82
176 2 2 5 5 133 134 81
177 2 2 5 6 3 154 19
178 2 2 5 6 24 155 3
179 2 2 5 6 3 304 154
180 2 2 5 6 155 304 3
181 2 2 5 6 31 164 5
182 2 2 5 6 5 382 82
183 2 2 5 6 164 382 5
184 2 2 5 6 19 152 20
185 2 2 5 6 19 443 152
186 2 2 5 6 154 443 19
187 2 2 5 6 20 156 21
188 2 2 5 6 152 432 20
189 2 2 5 6 20 432 156
190 2 2 5 6 21 151 22
191 2 2 5 6 21 416 151
192 2 2 5 6 156 416 21
193 2 2 5 6 22 157 23
194 2 2 5 6 151 417 22
195 2 2 5 6 22 417 157
196 2 2 5 6 23 153 24
197 2 2 5 6 23 415 153
198 2 2 5 6 157 415 23
199 2 2 5 6 153 442 24
200 2 2 5 6 24 442 155
201 2 2 5 6 32 435 31
202 2 2 5 6 31 435 164
203 2 2 5 6 33 427 32
204 2 2 5 6 427 435 32
205 2 2 5 6 34 169 33
206 2 2 5 6 169 427 33
207 2 2 5 6 35 396 34
208 2 2 5 6 34 396 169
209 2 2 5 6 36 181 35
210 2 2 5 6 181 396 35
211 2 2 5 6 37 395 36
212 2 2 5 6 36 395 181
213 2 2 5 6 38 158 37
214 2 2 5 6 158 395 37
215 2 2 5 6 39 407 38
216 2 2 5 6 38 407 158
217 2 2 5 6 40 180 39
218 2 2 5 6 180 407 39
219 2 2 5 6 41 367 40
220 2 2 5 6 40 367 180
221 2 2 5 6 42 166 41
222 2 2 5 6 166 367 41
223 2 2 5 6 43 385 42
224 2 2 5 6 42 385 166
225 2 2 5 6 44 172 43
226 2 2 5 6 172 385 43
227 2 2 5 6 45 389 44
228 2 2 5 6 44 389 172
229 2 2 5 6 46 162 45
230 2 2 5 6 162 389 45
231 2 2 5 6 47 436 46
232 2 2 5 6 46 436 162
233 2 2 5 6 48 371 47
234 2 2 5 6 371 436 47
235 2 2 5 6 49 170 48
236 2 2 5 6 170 371 48
237 2 2 5 6 50 423 49
238 2 2 5 6 49 423 170
239 2 2 5 6 51 179 50
240 2 2 5 6 179 423 50
241 2 2 5 6 52 393 51
242 2 2 5 6 51 393 179
243 2 2 5 6 53 161 52
244 2 2 5 6 161 393 52
245 2 2 5 6 54 390 53
246 2 2 5 6 53 390 161
247 2 2 5 6 55 178 54
248 2 2 5 6 178 390 54
249 2 2 5 6 56 412 55
250 2 2 5 6 55 412 178
251 2 2 5 6 57 168 56
252 2 2 5 6 168 412 56
253 2 2 5 6 58 441 57
254 2 2 5 6 57 441 168
255 2 2 5 6 59 176 58
256 2 2 5 6 176 441 58
257 2 2 5 6 60 381 59
258 2 2 5 6 59 381 176
259 2 2 5 6 61 160 60
260 2 2 5 6 160 381 60
261 2 2 5 6 62 394 61
262 2 2 5 6 61 394 160
263 2 2 5 6 63 182 62
264 2 2 5 6 182 394 62
265 2 2 5 6 64 397 63
266 2 2 5 6 63 397 182
267 2 2 5 6 65 171 64
268 2 2 5 6 171 397 64
269 2 2 5 6 66 401 65
270 2 2 5 6 65 401 171
271 2 2 5 6 67 400 66
272 2 2 5 6 400 401 66
273 2 2 5 6 68 163 67
274 2 2 5 6 163 400 67
275 2 2 5 6 69 376 68
276 2 2 5 6 68 376 163
277 2 2 5 6 70 174 69
278 2 2 5 6 174 376 69
279 2 2 5 6 71 183 70
280 2 2 5 6 70 183 174
281 2 2 5 6 72 167 71
282 2 2 5 6 167 183 71
283 2 2 5 6 73 387 72
284 2 2 5 6 72 387 167
285 2 2 5 6 74 173 73
286 2 2 5 6 173 387 73
287 2 2 5 6 75 391 74
288 2 2 5 6 74 391 173
289 2 2 5 6 76 159 75
290 2 2 5 6 159 391 75
291 2 2 5 6 77 392 76
292 2 2 5 6 76 392 159
293 2 2 5 6 78 175 77
294 2 2 5 6 175 392 77
295 2 2 5 6 79 388 78
296 2 2 5 6 78 388 175
297 2 2 5 6 80 165 79
298 2 2 5 6 165 388 79
299 2 2 5 6 81 386 80
300 2 2 5 6 80 386 165
301 2 2 5 6 82 177 81
302 2 2 5 6 177 386 81
303 2 2 5 6 82 382 177
304 2 2 5 6 313 417 151
305 2 2 5 6 151 448 313
306 2 2 5 6 416 448 151
307 2 2 5 6 320 440 152
308 2 2 5 6 152 443 320
309 2 2 5 6 152 440 432
310 2 2 5 6 328 409 153
311 2 2 5 6 153 415 328
312 2 2 5 6 409 442 153
313 2 2 5 6 304 454 154
314 2 2 5 6 430 443 154
315 2 2 5 6 154 454 430
316 2 2 5 6 155 445 304
317 2 2 5 6 442 445 155
318 2 2 5 6 156 312 311
319 2 2 5 6 311 416 156
320 2 2 5 6 156 432 312
321 2 2 5 6 157 417 314
322 2 2 5 6 314 451 157
323 2 2 5 6 157 451 415
324 2 2 5 6 158 403 395
325 2 2 5 6 158 452 403
326 2 2 5 6 407 452 158
327 2 2 5 6 159 437 391
328 2 2 5 6 392 414 159
329 2 2 5 6 414 437 159
330 2 2 5 6 334 370 160
331 2 2 5 6 160 394 334
332 2 2 5 6 370 381 160
333 2 2 5 6 384 393 161
334 2 2 5 6 161 413 384
335 2 2 5 6 390 413 161
336 2 2 5 6 305 404 162
337 2 2 5 6 162 436 305
338 2 2 5 6 162 446 389
339 2 2 5 6 404 446 162
340 2 2 5 6 376 405 163
341 2 2 5 6 163 433 400
342 2 2 5 6 405 433 163
343 2 2 5 6 289 379 164
344 2 2 5 6 164 435 289
345 2 2 5 6 379 382 164
346 2 2 5 6 165 386 365
347 2 2 5 6 365 438 165
348 2 2 5 6 165 438 388
349 2 2 5 6 166 455 367
350 2 2 5 6 166 385 368
351 2 2 5 6 368 455 166
352 2 2 5 6 167 421 183
353 2 2 5 6 167 387 292
354 2 2 5 6 292 421 167
355 2 2 5 6 350 352 168
356 2 2 5 6 168 353 350
357 2 2 5 6 352 412 168
358 2 2 5 6 168 441 353
359 2 2 5 6 396 428 169
360 2 2 5 6 425 427 169
361 2 2 5 6 169 428 425
362 2 2 5 6 170 423 296
363 2 2 5 6 296 453 170
364 2 2 5 6 170 453 371
365 2 2 5 6 171 447 397
366 2 2 5 6 401 406 171
367 2 2 5 6 406 447 171
368 2 2 5 6 172 450 385
369 2 2 5 6 389 434 172
370 2 2 5 6 434 450 172
371 2 2 5 6 173 391 345
372 2 2 5 6 345 426 173
373 2 2 5 6 173 426 387
374 2 2 5 6 183 184 174
375 2 2 5 6 184 185 174
376 2 2 5 6 185 376 174
377 2 2 5 6 388 408 175
378 2 2 5 6 175 422 392
379 2 2 5 6 408 422 175
380 2 2 5 6 176 420 353
381 2 2 5 6 353 441 176
382 2 2 5 6 381 420 176
383 2 2 5 6 377 386 177
384 2 2 5 6 177 449 377
385 2 2 5 6 382 449 177
386 2 2 5 6 178 352 348
387 2 2 5 6 348 424 178
388 2 2 5 6 178 412 352
389 2 2 5 6 178 424 390
390 2 2 5 6 179 410 296
391 2 2 5 6 296 423 179
392 2 2 5 6 393 410 179
393 2 2 5 6 293 322 180
394 2 2 5 6 180 367 293
395 2 2 5 6 322 407 180
396 2 2 5 6 181 395 337
397 2 2 5 6 337 439 181
398 2 2 5 6 181 439 396
399 2 2 5 6 333 394 182
400 2 2 5 6 182 418 333
401 2 2 5 6 397 418 182
402 2 2 5 6 183 421 184
403 2 2 5 6 184 186 185
404 2 2 5 6 184 363 186
405 2 2 5 6 184 421 363
406 2 2 5 6 186 187 185
407 2 2 5 6 187 405 185
408 2 2 5 6 185 405 376
409 2 2 5 6 186 188 187
410 2 2 5 6 186 189 188
411 2 2 5 6 186 363 189
412 2 2 5 6 188 190 187
413 2 2 5 6 190 275 187
414 2 2 5 6 275 405 187
415 2 2 5 6 189 326 188
416 2 2 5 6 188 191 190
417 2 2 5 6 188 326 191
418 2 2 5 6 286 295 189
419 2 2 5 6 189 363 286
420 2 2 5 6 295 431 189
421 2 2 5 6 189 431 326
422 2 2 5 6 191 192 190
423 2 2 5 6 192 360 190
424 2 2 5 6 190 360 275
425 2 2 5 6 191 193 192
426 2 2 5 6 191 195 193
427 2 2 5 6 191 326 195
428 2 2 5 6 193 194 192
429 2 2 5 6 194 196 192
430 2 2 5 6 196 360 192
431 2 2 5 6 193 324 194
432 2 2 5 6 195 269 193
433 2 2 5 6 269 324 193
434 2 2 5 6 194 197 196
435 2 2 5 6 194 198 197
436 2 2 5 6 194 324 198
437 2 2 5 6 195 273 269
438 2 2 5 6 195 277 273
439 2 2 5 6 195 326 277
440 2 2 5 6 197 329 196
441 2 2 5 6 329 330 196
442 2 2 5 6 330 360 196
443 2 2 5 6 198 199 197
444 2 2 5 6 199 252 197
445 2 2 5 6 252 329 197
446 2 2 5 6 198 200 199
447 2 2 5 6 198 321 200
448 2 2 5 6 198 324 321
449 2 2 5 6 200 201 199
450 2 2 5 6 201 359 199
451 2 2 5 6 199 359 252
452 2 2 5 6 200 202 201
453 2 2 5 6 200 271 202
454 2 2 5 6 200 321 271
455 2 2 5 6 202 203 201
456 2 2 5 6 203 207 201
457 2 2 5 6 207 359 201
458 2 2 5 6 202 204 203
459 2 2 5 6 202 309 204
460 2 2 5 6 271 309 202
461 2 2 5 6 204 205 203
462 2 2 5 6 205 364 203
463 2 2 5 6 203 364 207
464 2 2 5 6 204 206 205
465 2 2 5 6 204 306 206
466 2 2 5 6 204 309 306
467 2 2 5 6 206 208 205
468 2 2 5 6 208 260 205
469 2 2 5 6 260 364 205
470 2 2 5 6 206 209 208
471 2 2 5 6 206 210 209
472 2 2 5 6 206 306 210
473 2 2 5 6 207 369 359
474 2 2 5 6 364 411 207
475 2 2 5 6 207 411 369
476 2 2 5 6 209 265 208
477 2 2 5 6 208 349 260
478 2 2 5 6 265 349 208
479 2 2 5 6 210 211 209
480 2 2 5 6 211 346 209
481 2 2 5 6 209 346 265
482 2 2 5 6 210 212 211
483 2 2 5 6 210 266 212
484 2 2 5 6 210 306 266
485 2 2 5 6 212 213 211
486 2 2 5 6 213 251 211
487 2 2 5 6 251 346 211
488 2 2 5 6 212 214 213
489 2 2 5 6 212 310 214
490 2 2 5 6 266 310 212
491 2 2 5 6 214 215 213
492 2 2 5 6 215 361 213
493 2 2 5 6 213 361 251
494 2 2 5 6 214 216 215
495 2 2 5 6 214 325 216
496 2 2 5 6 310 325 214
497 2 2 5 6 216 217 215
498 2 2 5 6 217 254 215
499 2 2 5 6 254 361 215
500 2 2 5 6 216 218 217
501 2 2 5 6 216 219 218
502 2 2 5 6 216 325 219
503 2 2 5 6 218 354 217
504 2 2 5 6 217 255 254
505 2 2 5 6 217 354 255
506 2 2 5 6 219 220 218
507 2 2 5 6 220 221 218
508 2 2 5 6 221 354 218
509 2 2 5 6 219 315 220
510 2 2 5 6 219 399 315
511 2 2 5 6 325 399 219
512 2 2 5 6 220 222 221
513 2 2 5 6 220 223 222
514 2 2 5 6 220 315 223
515 2 2 5 6 222 341 221
516 2 2 5 6 341 373 221
517 2 2 5 6 221 373 354
518 2 2 5 6 223 224 222
519 2 2 5 6 224 258 222
520 2 2 5 6 258 341 222
521 2 2 5 6 223 225 224
522 2 2 5 6 223 267 225
523 2 2 5 6 223 315 267
524 2 2 5 6 225 226 224
525 2 2 5 6 226 362 224
526 2 2 5 6 224 362 258
527 2 2 5 6 225 227 226
528 2 2 5 6 225 318 227
529 2 2 5 6 267 318 225
530 2 2 5 6 227 228 226
531 2 2 5 6 228 262 226
532 2 2 5 6 262 362 226
533 2 2 5 6 227 229 228
534 2 2 5 6 227 230 229
535 2 2 5 6 227 318 230
536 2 2 5 6 229 357 228
537 2 2 5 6 228 270 262
538 2 2 5 6 228 357 270
539 2 2 5 6 230 231 229
540 2 2 5 6 231 232 229
541 2 2 5 6 232 357 229
542 2 2 5 6 230 344 231
543 2 2 5 6 318 319 230
544 2 2 5 6 319 344 230
545 2 2 5 6 231 233 232
546 2 2 5 6 231 234 233
547 2 2 5 6 231 344 234
548 2 2 5 6 233 335 232
549 2 2 5 6 335 374 232
550 2 2 5 6 232 374 357
551 2 2 5 6 234 235 233
552 2 2 5 6 235 263 233
553 2 2 5 6 263 335 233
554 2 2 5 6 234 236 235
555 2 2 5 6 234 264 236
556 2 2 5 6 234 344 264
557 2 2 5 6 236 237 235
558 2 2 5 6 237 356 235
559 2 2 5 6 235 356 263
560 2 2 5 6 236 238 237
561 2 2 5 6 236 301 238
562 2 2 5 6 264 301 236
563 2 2 5 6 238 239 237
564 2 2 5 6 239 256 237
565 2 2 5 6 256 356 237
566 2 2 5 6 238 240 239
567 2 2 5 6 238 241 240
568 2 2 5 6 238 301 241
569 2 2 5 6 240 355 239
570 2 2 5 6 239 272 256
571 2 2 5 6 239 355 272
572 2 2 5 6 241 242 240
573 2 2 5 6 242 243 240
574 2 2 5 6 243 355 240
575 2 2 5 6 241 299 242
576 2 2 5 6 241 300 299
577 2 2 5 6 241 301 300
578 2 2 5 6 242 244 243
579 2 2 5 6 242 245 244
580 2 2 5 6 242 299 245
581 2 2 5 6 244 338 243
582 2 2 5 6 338 339 243
583 2 2 5 6 339 355 243
584 2 2 5 6 245 246 244
585 2 2 5 6 246 253 244
586 2 2 5 6 253 338 244
587 2 2 5 6 245 247 246
588 2 2 5 6 245 297 247
589 2 2 5 6 245 299 297
590 2 2 5 6 247 248 246
591 2 2 5 6 248 358 246
592 2 2 5 6 246 358 253
593 2 2 5 6 247 249 248
594 2 2 5 6 247 257 249
595 2 2 5 6 247 297 257
596 2 2 5 6 249 250 248
597 2 2 5 6 250 261 248
598 2 2 5 6 261 358 248
599 2 2 5 6 249 327 250
600 2 2 5 6 257 259 249
601 2 2 5 6 259 327 249
602 2 2 5 6 250 268 261
603 2 2 5 6 250 274 268
604 2 2 5 6 250 327 274
605 2 2 5 6 251 372 346
606 2 2 5 6 361 383 251
607 2 2 5 6 251 383 372
608 2 2 5 6 252 331 329
609 2 2 5 6 252 332 331
610 2 2 5 6 252 359 332
611 2 2 5 6 253 340 338
612 2 2 5 6 253 380 340
613 2 2 5 6 358 380 253
614 2 2 5 6 255 282 254
615 2 2 5 6 282 283 254
616 2 2 5 6 283 361 254
617 2 2 5 6 255 284 282
618 2 2 5 6 255 285 284
619 2 2 5 6 255 354 285
620 2 2 5 6 272 289 256
621 2 2 5 6 289 290 256
622 2 2 5 6 290 356 256
623 2 2 5 6 257 278 259
624 2 2 5 6 257 279 278
625 2 2 5 6 257 297 279
626 2 2 5 6 258 342 341
627 2 2 5 6 258 429 342
628 2 2 5 6 362 429 258
629 2 2 5 6 278 398 259
630 2 2 5 6 259 419 327
631 2 2 5 6 398 419 259
632 2 2 5 6 349 350 260
633 2 2 5 6 350 351 260
634 2 2 5 6 351 364 260
635 2 2 5 6 268 287 261
636 2 2 5 6 287 288 261
637 2 2 5 6 288 358 261
638 2 2 5 6 270 293 262
639 2 2 5 6 293 294 262
640 2 2 5 6 294 362 262
641 2 2 5 6 263 336 335
642 2 2 5 6 263 375 336
643 2 2 5 6 356 375 263
644 2 2 5 6 264 302 301
645 2 2 5 6 264 303 302
646 2 2 5 6 264 344 303
647 2 2 5 6 346 347 265
648 2 2 5 6 347 348 265
649 2 2 5 6 348 349 265
650 2 2 5 6 306 307 266
651 2 2 5 6 307 308 266
652 2 2 5 6 308 310 266
653 2 2 5 6 315 316 267
654 2 2 5 6 316 317 267
655 2 2 5 6 317 318 267
656 2 2 5 6 274 276 268
657 2 2 5 6 276 345 268
658 2 2 5 6 268 345 287
659 2 2 5 6 273 280 269
660 2 2 5 6 280 281 269
661 2 2 5 6 281 324 269
662 2 2 5 6 270 322 293
663 2 2 5 6 270 323 322
664 2 2 5 6 270 357 323
665 2 2 5 6 271 313 309
666 2 2 5 6 271 314 313
667 2 2 5 6 271 321 314
668 2 2 5 6 272 379 289
669 2 2 5 6 355 378 272
670 2 2 5 6 378 379 272
671 2 2 5 6 277 398 273
672 2 2 5 6 273 328 280
673 2 2 5 6 273 398 328
674 2 2 5 6 274 286 276
675 2 2 5 6 274 295 286
676 2 2 5 6 274 327 295
677 2 2 5 6 360 444 275
678 2 2 5 6 402 433 275
679 2 2 5 6 275 444 402
680 2 2 5 6 275 433 405
681 2 2 5 6 286 292 276
682 2 2 5 6 292 426 276
683 2 2 5 6 276 426 345
684 2 2 5 6 326 431 277
685 2 2 5 6 277 419 398
686 2 2 5 6 277 431 419
687 2 2 5 6 279 409 278
688 2 2 5 6 328 398 278
689 2 2 5 6 278 409 328
690 2 2 5 6 297 298 279
691 2 2 5 6 298 445 279
692 2 2 5 6 279 445 409
693 2 2 5 6 280 451 281
694 2 2 5 6 328 415 280
695 2 2 5 6 415 451 280
696 2 2 5 6 314 321 281
697 2 2 5 6 281 451 314
698 2 2 5 6 321 324 281
699 2 2 5 6 282 296 283
700 2 2 5 6 284 453 282
701 2 2 5 6 282 453 296
702 2 2 5 6 296 410 283
703 2 2 5 6 283 383 361
704 2 2 5 6 283 410 383
705 2 2 5 6 285 305 284
706 2 2 5 6 305 371 284
707 2 2 5 6 371 453 284
708 2 2 5 6 285 404 305
709 2 2 5 6 354 373 285
710 2 2 5 6 373 404 285
711 2 2 5 6 286 363 292
712 2 2 5 6 287 414 288
713 2 2 5 6 345 437 287
714 2 2 5 6 287 437 414
715 2 2 5 6 288 380 358
716 2 2 5 6 288 422 380
717 2 2 5 6 414 422 288
718 2 2 5 6 289 291 290
719 2 2 5 6 289 435 291
720 2 2 5 6 291 425 290
721 2 2 5 6 290 375 356
722 2 2 5 6 290 425 375
723 2 2 5 6 291 427 425
724 2 2 5 6 291 435 427
725 2 2 5 6 363 421 292
726 2 2 5 6 387 426 292
727 2 2 5 6 293 367 294
728 2 2 5 6 294 429 362
729 2 2 5 6 367 455 294
730 2 2 5 6 368 429 294
731 2 2 5 6 294 455 368
732 2 2 5 6 327 419 295
733 2 2 5 6 419 431 295
734 2 2 5 6 297 299 298
735 2 2 5 6 299 300 298
736 2 2 5 6 300 304 298
737 2 2 5 6 304 445 298
738 2 2 5 6 301 302 300
739 2 2 5 6 302 304 300
740 2 2 5 6 303 430 302
741 2 2 5 6 302 454 304
742 2 2 5 6 430 454 302
743 2 2 5 6 319 320 303
744 2 2 5 6 303 344 319
745 2 2 5 6 320 430 303
746 2 2 5 6 305 436 371
747 2 2 5 6 306 309 307
748 2 2 5 6 307 448 308
749 2 2 5 6 309 313 307
750 2 2 5 6 313 448 307
751 2 2 5 6 308 311 310
752 2 2 5 6 308 416 311
753 2 2 5 6 308 448 416
754 2 2 5 6 311 325 310
755 2 2 5 6 312 399 311
756 2 2 5 6 311 399 325
757 2 2 5 6 316 399 312
758 2 2 5 6 312 432 316
759 2 2 5 6 314 417 313
760 2 2 5 6 315 399 316
761 2 2 5 6 316 440 317
762 2 2 5 6 432 440 316
763 2 2 5 6 317 319 318
764 2 2 5 6 317 320 319
765 2 2 5 6 317 440 320
766 2 2 5 6 320 443 430
767 2 2 5 6 323 452 322
768 2 2 5 6 322 452 407
769 2 2 5 6 357 374 323
770 2 2 5 6 374 403 323
771 2 2 5 6 403 452 323
772 2 2 5 6 329 366 330
773 2 2 5 6 331 366 329
774 2 2 5 6 330 444 360
775 2 2 5 6 366 406 330
776 2 2 5 6 406 444 330
777 2 2 5 6 332 333 331
778 2 2 5 6 333 418 331
779 2 2 5 6 331 418 366
780 2 2 5 6 332 334 333
781 2 2 5 6 332 369 334
782 2 2 5 6 359 369 332
783 2 2 5 6 334 394 333
784 2 2 5 6 369 370 334
785 2 2 5 6 336 337 335
786 2 2 5 6 337 374 335
787 2 2 5 6 336 439 337
788 2 2 5 6 375 428 336
789 2 2 5 6 428 439 336
790 2 2 5 6 337 403 374
791 2 2 5 6 395 403 337
792 2 2 5 6 338 365 339
793 2 2 5 6 340 365 338
794 2 2 5 6 339 378 355
795 2 2 5 6 365 377 339
796 2 2 5 6 377 378 339
797 2 2 5 6 340 438 365
798 2 2 5 6 380 408 340
799 2 2 5 6 408 438 340
800 2 2 5 6 342 343 341
801 2 2 5 6 343 373 341
802 2 2 5 6 342 434 343
803 2 2 5 6 342 429 368
804 2 2 5 6 368 450 342
805 2 2 5 6 342 450 434
806 2 2 5 6 343 404 373
807 2 2 5 6 343 446 404
808 2 2 5 6 434 446 343
809 2 2 5 6 391 437 345
810 2 2 5 6 346 372 347
811 2 2 5 6 347 424 348
812 2 2 5 6 372 413 347
813 2 2 5 6 413 424 347
814 2 2 5 6 348 352 349
815 2 2 5 6 349 352 350
816 2 2 5 6 350 353 351
817 2 2 5 6 353 420 351
818 2 2 5 6 351 411 364
819 2 2 5 6 351 420 411
820 2 2 5 6 365 386 377
821 2 2 5 6 366 447 406
822 2 2 5 6 418 447 366
823 2 2 5 6 385 450 368
824 2 2 5 6 369 411 370
825 2 2 5 6 370 420 381
826 2 2 5 6 411 420 370
827 2 2 5 6 383 384 372
828 2 2 5 6 384 413 372
829 2 2 5 6 425 428 375
830 2 2 5 6 377 449 378
831 2 2 5 6 378 449 379
832 2 2 5 6 379 449 382
833 2 2 5 6 380 422 408
834 2 2 5 6 383 410 384
835 2 2 5 6 384 410 393
836 2 2 5 6 388 438 408
837 2 2 5 6 389 446 434
838 2 2 5 6 390 424 413
839 2 2 5 6 392 422 414
840 2 2 5 6 396 439 428
841 2 2 5 6 397 447 418
842 2 2 5 6 400 402 401
843 2 2 5 6 400 433 402
844 2 2 5 6 402 406 401
845 2 2 5 6 402 444 406
846 2 2 5 6 409 445 442
847 2 2 5 7 4 25 459
848 2 2 5 7 30 4 460
849 2 2 5 7 4 459 609
850 2 2 5 7 460 4 609
851 2 2 5 7 83 6 469
852 2 2 5 7 6 134 687
853 2 2 5 7 469 6 687
854 2 2 5 7 25 26 457
855 2 2 5 7 25 457 748
856 2 2 5 7 459 25 748
857 2 2 5 7 26 27 461
858 2 2 5 7 457 26 737
859 2 2 5 7 26 461 737
860 2 2 5 7 27 28 456
861 2 2 5 7 27 456 721
862 2 2 5 7 461 27 721
863 2 2 5 7 28 29 462
864 2 2 5 7 456 28 722
865 2 2 5 7 28 462 722
866 2 2 5 7 29 30 458
867 2 2 5 7 29 458 720
868 2 2 5 7 462 29 720
869 2 2 5 7 458 30 747
870 2 2 5 7 30 460 747
871 2 2 5 7 84 83 740
872 2 2 5 7 83 469 740
873 2 2 5 7 85 84 732
874 2 2 5 7 732 84 740
875 2 2 5 7 86 85 474
876 2 2 5 7 474 85 732
877 2 2 5 7 87 86 701
878 2 2 5 7 86 474 701
879 2 2 5 7 88 87 486
880 2 2 5 7 486 87 701
881 2 2 5 7 89 88 700
882 2 2 5 7 88 486 700
883 2 2 5 7 90 89 463
884 2 2 5 7 463 89 700
885 2 2 5 7 91 90 712
886 2 2 5 7 90 463 712
887 2 2 5 7 92 91 485
888 2 2 5 7 485 91 712
889 2 2 5 7 93 92 672
890 2 2 5 7 92 485 672
891 2 2 5 7 94 93 471
892 2 2 5 7 471 93 672
893 2 2 5 7 95 94 690
894 2 2 5 7 94 471 690
895 2 2 5 7 96 95 477
896 2 2 5 7 477 95 690
897 2 2 5 7 97 96 694
898 2 2 5 7 96 477 694
899 2 2 5 7 98 97 467
900 2 2 5 7 467 97 694
901 2 2 5 7 99 98 741
902 2 2 5 7 98 467 741
903 2 2 5 7 100 99 676
904 2 2 5 7 676 99 741
905 2 2 5 7 101 100 475
906 2 2 5 7 475 100 676
907 2 2 5 7 102 101 728
908 2 2 5 7 101 475 728
909 2 2 5 7 103 102 484
910 2 2 5 7 484 102 728
911 2 2 5 7 104 103 698
912 2 2 5 7 103 484 698
913 2 2 5 7 105 104 466
914 2 2 5 7 466 104 698
915 2 2 5 7 106 105 695
916 2 2 5 7 105 466 695
917 2 2 5 7 107 106 483
918 2 2 5 7 483 106 695
919 2 2 5 7 108 107 717
920 2 2 5 7 107 483 717
921 2 2 5 7 109 108 473
922 2 2 5 7 473 108 717
923 2 2 5 7 110 109 746
924 2 2 5 7 109 473 746
925 2 2 5 7 111 110 481
926 2 2 5 7 481 110 746
927 2 2 5 7 112 111 686
928 2 2 5 7 111 481 686
929 2 2 5 7 113 112 465
930 2 2 5 7 465 112 686
931 2 2 5 7 114 113 699
932 2 2 5 7 113 465 699
933 2 2 5 7 115 114 487
934 2 2 5 7 487 114 699
935 2 2 5 7 116 115 702
936 2 2 5 7 115 487 702
937 2 2 5 7 117 116 476
938 2 2 5 7 476 116 702
939 2 2 5 7 118 117 706
940 2 2 5 7 117 476 706
941 2 2 5 7 119 118 705
942 2 2 5 7 705 118 706
943 2 2 5 7 120 119 468
944 2 2 5 7 468 119 705
945 2 2 5 7 121 120 681
946 2 2 5 7 120 468 681
947 2 2 5 7 122 121 479
948 2 2 5 7 479 121 681
949 2 2 5 7 123 122 488
950 2 2 5 7 122 479 488
951 2 2 5 7 124 123 472
952 2 2 5 7 472 123 488
953 2 2 5 7 125 124 692
954 2 2 5 7 124 472 692
955 2 2 5 7 126 125 478
956 2 2 5 7 478 125 692
957 2 2 5 7 127 126 696
958 2 2 5 7 126 478 696
959 2 2 5 7 128 127 464
960 2 2 5 7 464 127 696
961 2 2 5 7 129 128 697
962 2 2 5 7 128 464 697
963 2 2 5 7 130 129 480
964 2 2 5 7 480 129 697
965 2 2 5 7 131 130 693
966 2 2 5 7 130 480 693
967 2 2 5 7 132 131 470
968 2 2 5 7 470 131 693
969 2 2 5 7 133 132 691
970 2 2 5 7 132 470 691
971 2 2 5 7 134 133 482
972 2 2 5 7 482 133 691
973 2 2 5 7 134 482 687
974 2 2 5 7 618 456 722
975 2 2 5 7 456 618 753
976 2 2 5 7 721 456 753
977 2 2 5 7 625 457 745
978 2 2 5 7 457 625 748
979 2 2 5 7 457 737 745
980 2 2 5 7 633 458 714
981 2 2 5 7 458 633 720
982 2 2 5 7 714 458 747
983 2 2 5 7 609 459 759
984 2 2 5 7 735 459 748
985 2 2 5 7 459 735 759
986 2 2 5 7 460 609 750
987 2 2 5 7 747 460 750
988 2 2 5 7 461 616 617
989 2 2 5 7 616 461 721
990 2 2 5 7 461 617 737
991 2 2 5 7 462 619 722
992 2 2 5 7 619 462 756
993 2 2 5 7 462 720 756
994 2 2 5 7 463 700 708
995 2 2 5 7 463 708 757
996 2 2 5 7 712 463 757
997 2 2 5 7 464 696 742
998 2 2 5 7 697 464 719
999 2 2 5 7 719 464 742
1000 2 2 5 7 639 465 675
1001 2 2 5 7 465 639 699
1002 2 2 5 7 675 465 686
1003 2 2 5 7 689 466 698
1004 2 2 5 7 466 689 718
1005 2 2 5 7 695 466 718
1006 2 2 5 7 610 467 709
1007 2 2 5 7 467 610 741
1008 2 2 5 7 467 694 751
1009 2 2 5 7 709 467 751
1010 2 2 5 7 681 468 710
1011 2 2 5 7 468 705 738
1012 2 2 5 7 710 468 738
1013 2 2 5 7 594 469 684
1014 2 2 5 7 469 594 740
1015 2 2 5 7 684 469 687
1016 2 2 5 7 470 670 691
1017 2 2 5 7 670 470 743
1018 2 2 5 7 470 693 743
1019 2 2 5 7 471 672 760
1020 2 2 5 7 471 673 690
1021 2 2 5 7 673 471 760
1022 2 2 5 7 472 488 726
1023 2 2 5 7 472 597 692
1024 2 2 5 7 597 472 726
1025 2 2 5 7 655 473 657
1026 2 2 5 7 473 655 658
1027 2 2 5 7 657 473 717
1028 2 2 5 7 473 658 746
1029 2 2 5 7 701 474 733
1030 2 2 5 7 730 474 732
1031 2 2 5 7 474 730 733
1032 2 2 5 7 475 601 728
1033 2 2 5 7 601 475 758
1034 2 2 5 7 475 676 758
1035 2 2 5 7 476 702 752
1036 2 2 5 7 706 476 711
1037 2 2 5 7 711 476 752
1038 2 2 5 7 477 690 755
1039 2 2 5 7 694 477 739
1040 2 2 5 7 739 477 755
1041 2 2 5 7 478 650 696
1042 2 2 5 7 650 478 731
1043 2 2 5 7 478 692 731
1044 2 2 5 7 488 479 489
1045 2 2 5 7 489 479 490
1046 2 2 5 7 490 479 681
1047 2 2 5 7 693 480 713
1048 2 2 5 7 480 697 727
1049 2 2 5 7 713 480 727
1050 2 2 5 7 481 658 725
1051 2 2 5 7 658 481 746
1052 2 2 5 7 686 481 725
1053 2 2 5 7 682 482 691
1054 2 2 5 7 482 682 754
1055 2 2 5 7 687 482 754
1056 2 2 5 7 483 653 657
1057 2 2 5 7 653 483 729
1058 2 2 5 7 483 657 717
1059 2 2 5 7 483 695 729
1060 2 2 5 7 484 601 715
1061 2 2 5 7 601 484 728
1062 2 2 5 7 698 484 715
1063 2 2 5 7 598 485 627
1064 2 2 5 7 485 598 672
1065 2 2 5 7 627 485 712
1066 2 2 5 7 486 642 700
1067 2 2 5 7 642 486 744
1068 2 2 5 7 486 701 744
1069 2 2 5 7 638 487 699
1070 2 2 5 7 487 638 723
1071 2 2 5 7 702 487 723
1072 2 2 5 7 488 489 726
1073 2 2 5 7 489 490 491
1074 2 2 5 7 489 491 668
1075 2 2 5 7 489 668 726
1076 2 2 5 7 491 490 492
1077 2 2 5 7 492 490 710
1078 2 2 5 7 490 681 710
1079 2 2 5 7 491 492 493
1080 2 2 5 7 491 493 494
1081 2 2 5 7 491 494 668
1082 2 2 5 7 493 492 495
1083 2 2 5 7 495 492 580
1084 2 2 5 7 580 492 710
1085 2 2 5 7 494 493 631
1086 2 2 5 7 493 495 496
1087 2 2 5 7 493 496 631
1088 2 2 5 7 591 494 600
1089 2 2 5 7 494 591 668
1090 2 2 5 7 600 494 736
1091 2 2 5 7 494 631 736
1092 2 2 5 7 496 495 497
1093 2 2 5 7 497 495 665
1094 2 2 5 7 495 580 665
1095 2 2 5 7 496 497 498
1096 2 2 5 7 496 498 500
1097 2 2 5 7 496 500 631
1098 2 2 5 7 498 497 499
1099 2 2 5 7 499 497 501
1100 2 2 5 7 501 497 665
1101 2 2 5 7 498 499 629
1102 2 2 5 7 500 498 574
1103 2 2 5 7 574 498 629
1104 2 2 5 7 499 501 502
1105 2 2 5 7 499 502 503
1106 2 2 5 7 499 503 629
1107 2 2 5 7 500 574 578
1108 2 2 5 7 500 578 582
1109 2 2 5 7 500 582 631
1110 2 2 5 7 502 501 634
1111 2 2 5 7 634 501 635
1112 2 2 5 7 635 501 665
1113 2 2 5 7 503 502 504
1114 2 2 5 7 504 502 557
1115 2 2 5 7 557 502 634
1116 2 2 5 7 503 504 505
1117 2 2 5 7 503 505 626
1118 2 2 5 7 503 626 629
1119 2 2 5 7 505 504 506
1120 2 2 5 7 506 504 664
1121 2 2 5 7 504 557 664
1122 2 2 5 7 505 506 507
1123 2 2 5 7 505 507 576
1124 2 2 5 7 505 576 626
1125 2 2 5 7 507 506 508
1126 2 2 5 7 508 506 512
1127 2 2 5 7 512 506 664
1128 2 2 5 7 507 508 509
1129 2 2 5 7 507 509 614
1130 2 2 5 7 576 507 614
1131 2 2 5 7 509 508 510
1132 2 2 5 7 510 508 669
1133 2 2 5 7 508 512 669
1134 2 2 5 7 509 510 511
1135 2 2 5 7 509 511 611
1136 2 2 5 7 509 611 614
1137 2 2 5 7 511 510 513
1138 2 2 5 7 513 510 565
1139 2 2 5 7 565 510 669
1140 2 2 5 7 511 513 514
1141 2 2 5 7 511 514 515
1142 2 2 5 7 511 515 611
1143 2 2 5 7 512 664 674
1144 2 2 5 7 669 512 716
1145 2 2 5 7 512 674 716
1146 2 2 5 7 514 513 570
1147 2 2 5 7 513 565 654
1148 2 2 5 7 570 513 654
1149 2 2 5 7 515 514 516
1150 2 2 5 7 516 514 651
1151 2 2 5 7 514 570 651
1152 2 2 5 7 515 516 517
1153 2 2 5 7 515 517 571
1154 2 2 5 7 515 571 611
1155 2 2 5 7 517 516 518
1156 2 2 5 7 518 516 556
1157 2 2 5 7 556 516 651
1158 2 2 5 7 517 518 519
1159 2 2 5 7 517 519 615
1160 2 2 5 7 571 517 615
1161 2 2 5 7 519 518 520
1162 2 2 5 7 520 518 666
1163 2 2 5 7 518 556 666
1164 2 2 5 7 519 520 521
1165 2 2 5 7 519 521 630
1166 2 2 5 7 615 519 630
1167 2 2 5 7 521 520 522
1168 2 2 5 7 522 520 559
1169 2 2 5 7 559 520 666
1170 2 2 5 7 521 522 523
1171 2 2 5 7 521 523 524
1172 2 2 5 7 521 524 630
1173 2 2 5 7 523 522 659
1174 2 2 5 7 522 559 560
1175 2 2 5 7 522 560 659
1176 2 2 5 7 524 523 525
1177 2 2 5 7 525 523 526
1178 2 2 5 7 526 523 659
1179 2 2 5 7 524 525 620
1180 2 2 5 7 524 620 704
1181 2 2 5 7 630 524 704
1182 2 2 5 7 525 526 527
1183 2 2 5 7 525 527 528
1184 2 2 5 7 525 528 620
1185 2 2 5 7 527 526 646
1186 2 2 5 7 646 526 678
1187 2 2 5 7 526 659 678
1188 2 2 5 7 528 527 529
1189 2 2 5 7 529 527 563
1190 2 2 5 7 563 527 646
1191 2 2 5 7 528 529 530
1192 2 2 5 7 528 530 572
1193 2 2 5 7 528 572 620
1194 2 2 5 7 530 529 531
1195 2 2 5 7 531 529 667
1196 2 2 5 7 529 563 667
1197 2 2 5 7 530 531 532
1198 2 2 5 7 530 532 623
1199 2 2 5 7 572 530 623
1200 2 2 5 7 532 531 533
1201 2 2 5 7 533 531 567
1202 2 2 5 7 567 531 667
1203 2 2 5 7 532 533 534
1204 2 2 5 7 532 534 535
1205 2 2 5 7 532 535 623
1206 2 2 5 7 534 533 662
1207 2 2 5 7 533 567 575
1208 2 2 5 7 533 575 662
1209 2 2 5 7 535 534 536
1210 2 2 5 7 536 534 537
1211 2 2 5 7 537 534 662
1212 2 2 5 7 535 536 649
1213 2 2 5 7 623 535 624
1214 2 2 5 7 624 535 649
1215 2 2 5 7 536 537 538
1216 2 2 5 7 536 538 539
1217 2 2 5 7 536 539 649
1218 2 2 5 7 538 537 640
1219 2 2 5 7 640 537 679
1220 2 2 5 7 537 662 679
1221 2 2 5 7 539 538 540
1222 2 2 5 7 540 538 568
1223 2 2 5 7 568 538 640
1224 2 2 5 7 539 540 541
1225 2 2 5 7 539 541 569
1226 2 2 5 7 539 569 649
1227 2 2 5 7 541 540 542
1228 2 2 5 7 542 540 661
1229 2 2 5 7 540 568 661
1230 2 2 5 7 541 542 543
1231 2 2 5 7 541 543 606
1232 2 2 5 7 569 541 606
1233 2 2 5 7 543 542 544
1234 2 2 5 7 544 542 561
1235 2 2 5 7 561 542 661
1236 2 2 5 7 543 544 545
1237 2 2 5 7 543 545 546
1238 2 2 5 7 543 546 606
1239 2 2 5 7 545 544 660
1240 2 2 5 7 544 561 577
1241 2 2 5 7 544 577 660
1242 2 2 5 7 546 545 547
1243 2 2 5 7 547 545 548
1244 2 2 5 7 548 545 660
1245 2 2 5 7 546 547 604
1246 2 2 5 7 546 604 605
1247 2 2 5 7 546 605 606
1248 2 2 5 7 547 548 549
1249 2 2 5 7 547 549 550
1250 2 2 5 7 547 550 604
1251 2 2 5 7 549 548 643
1252 2 2 5 7 643 548 644
1253 2 2 5 7 644 548 660
1254 2 2 5 7 550 549 551
1255 2 2 5 7 551 549 558
1256 2 2 5 7 558 549 643
1257 2 2 5 7 550 551 552
1258 2 2 5 7 550 552 602
1259 2 2 5 7 550 602 604
1260 2 2 5 7 552 551 553
1261 2 2 5 7 553 551 663
1262 2 2 5 7 551 558 663
1263 2 2 5 7 552 553 554
1264 2 2 5 7 552 554 562
1265 2 2 5 7 552 562 602
1266 2 2 5 7 554 553 555
1267 2 2 5 7 555 553 566
1268 2 2 5 7 566 553 663
1269 2 2 5 7 554 555 632
1270 2 2 5 7 562 554 564
1271 2 2 5 7 564 554 632
1272 2 2 5 7 555 566 573
1273 2 2 5 7 555 573 579
1274 2 2 5 7 555 579 632
1275 2 2 5 7 556 651 677
1276 2 2 5 7 666 556 688
1277 2 2 5 7 556 677 688
1278 2 2 5 7 557 634 636
1279 2 2 5 7 557 636 637
1280 2 2 5 7 557 637 664
1281 2 2 5 7 558 643 645
1282 2 2 5 7 558 645 685
1283 2 2 5 7 663 558 685
1284 2 2 5 7 560 559 587
1285 2 2 5 7 587 559 588
1286 2 2 5 7 588 559 666
1287 2 2 5 7 560 587 589
1288 2 2 5 7 560 589 590
1289 2 2 5 7 560 590 659
1290 2 2 5 7 577 561 594
1291 2 2 5 7 594 561 595
1292 2 2 5 7 595 561 661
1293 2 2 5 7 562 564 583
1294 2 2 5 7 562 583 584
1295 2 2 5 7 562 584 602
1296 2 2 5 7 563 646 647
1297 2 2 5 7 563 647 734
1298 2 2 5 7 667 563 734
1299 2 2 5 7 583 564 703
1300 2 2 5 7 564 632 724
1301 2 2 5 7 703 564 724
1302 2 2 5 7 654 565 655
1303 2 2 5 7 655 565 656
1304 2 2 5 7 656 565 669
1305 2 2 5 7 573 566 592
1306 2 2 5 7 592 566 593
1307 2 2 5 7 593 566 663
1308 2 2 5 7 575 567 598
1309 2 2 5 7 598 567 599
1310 2 2 5 7 599 567 667
1311 2 2 5 7 568 640 641
1312 2 2 5 7 568 641 680
1313 2 2 5 7 661 568 680
1314 2 2 5 7 569 606 607
1315 2 2 5 7 569 607 608
1316 2 2 5 7 569 608 649
1317 2 2 5 7 651 570 652
1318 2 2 5 7 652 570 653
1319 2 2 5 7 653 570 654
1320 2 2 5 7 611 571 612
1321 2 2 5 7 612 571 613
1322 2 2 5 7 613 571 615
1323 2 2 5 7 620 572 621
1324 2 2 5 7 621 572 622
1325 2 2 5 7 622 572 623
1326 2 2 5 7 579 573 581
1327 2 2 5 7 581 573 650
1328 2 2 5 7 573 592 650
1329 2 2 5 7 578 574 585
1330 2 2 5 7 585 574 586
1331 2 2 5 7 586 574 629
1332 2 2 5 7 575 598 627
1333 2 2 5 7 575 627 628
1334 2 2 5 7 575 628 662
1335 2 2 5 7 576 614 618
1336 2 2 5 7 576 618 619
1337 2 2 5 7 576 619 626
1338 2 2 5 7 577 594 684
1339 2 2 5 7 660 577 683
1340 2 2 5 7 683 577 684
1341 2 2 5 7 582 578 703
1342 2 2 5 7 578 585 633
1343 2 2 5 7 578 633 703
1344 2 2 5 7 579 581 591
1345 2 2 5 7 579 591 600
1346 2 2 5 7 579 600 632
1347 2 2 5 7 665 580 749
1348 2 2 5 7 707 580 738
1349 2 2 5 7 580 707 749
1350 2 2 5 7 580 710 738
1351 2 2 5 7 591 581 597
1352 2 2 5 7 597 581 731
1353 2 2 5 7 581 650 731
1354 2 2 5 7 631 582 736
1355 2 2 5 7 582 703 724
1356 2 2 5 7 582 724 736
1357 2 2 5 7 584 583 714
1358 2 2 5 7 633 583 703
1359 2 2 5 7 583 633 714
1360 2 2 5 7 602 584 603
1361 2 2 5 7 603 584 750
1362 2 2 5 7 584 714 750
1363 2 2 5 7 585 586 756
1364 2 2 5 7 633 585 720
1365 2 2 5 7 720 585 756
1366 2 2 5 7 619 586 626
1367 2 2 5 7 586 619 756
1368 2 2 5 7 626 586 629
1369 2 2 5 7 587 588 601
1370 2 2 5 7 589 587 758
1371 2 2 5 7 587 601 758
1372 2 2 5 7 601 588 715
1373 2 2 5 7 588 666 688
1374 2 2 5 7 588 688 715
1375 2 2 5 7 590 589 610
1376 2 2 5 7 610 589 676
1377 2 2 5 7 676 589 758
1378 2 2 5 7 590 610 709
1379 2 2 5 7 659 590 678
1380 2 2 5 7 678 590 709
1381 2 2 5 7 591 597 668
1382 2 2 5 7 592 593 719
1383 2 2 5 7 650 592 742
1384 2 2 5 7 592 719 742
1385 2 2 5 7 593 663 685
1386 2 2 5 7 593 685 727
1387 2 2 5 7 719 593 727
1388 2 2 5 7 594 595 596
1389 2 2 5 7 594 596 740
1390 2 2 5 7 596 595 730
1391 2 2 5 7 595 661 680
1392 2 2 5 7 595 680 730
1393 2 2 5 7 596 730 732
1394 2 2 5 7 596 732 740
1395 2 2 5 7 668 597 726
1396 2 2 5 7 692 597 731
1397 2 2 5 7 598 599 672
1398 2 2 5 7 599 667 734
1399 2 2 5 7 672 599 760
1400 2 2 5 7 673 599 734
1401 2 2 5 7 599 673 760
1402 2 2 5 7 632 600 724
1403 2 2 5 7 724 600 736
1404 2 2 5 7 602 603 604
1405 2 2 5 7 604 603 605
1406 2 2 5 7 605 603 609
1407 2 2 5 7 609 603 750
1408 2 2 5 7 606 605 607
1409 2 2 5 7 607 605 609
1410 2 2 5 7 608 607 735
1411 2 2 5 7 607 609 759
1412 2 2 5 7 735 607 759
1413 2 2 5 7 624 608 625
1414 2 2 5 7 608 624 649
1415 2 2 5 7 625 608 735
1416 2 2 5 7 610 676 741
1417 2 2 5 7 611 612 614
1418 2 2 5 7 612 613 753
1419 2 2 5 7 614 612 618
1420 2 2 5 7 618 612 753
1421 2 2 5 7 613 615 616
1422 2 2 5 7 613 616 721
1423 2 2 5 7 613 721 753
1424 2 2 5 7 616 615 630
1425 2 2 5 7 617 616 704
1426 2 2 5 7 616 630 704
1427 2 2 5 7 621 617 704
1428 2 2 5 7 617 621 737
1429 2 2 5 7 619 618 722
1430 2 2 5 7 620 621 704
1431 2 2 5 7 621 622 745
1432 2 2 5 7 737 621 745
1433 2 2 5 7 622 623 624
1434 2 2 5 7 622 624 625
1435 2 2 5 7 622 625 745
1436 2 2 5 7 625 735 748
1437 2 2 5 7 628 627 757
1438 2 2 5 7 627 712 757
1439 2 2 5 7 662 628 679
1440 2 2 5 7 679 628 708
1441 2 2 5 7 708 628 757
1442 2 2 5 7 634 635 671
1443 2 2 5 7 636 634 671
1444 2 2 5 7 635 665 749
1445 2 2 5 7 671 635 711
1446 2 2 5 7 711 635 749
1447 2 2 5 7 637 636 638
1448 2 2 5 7 638 636 723
1449 2 2 5 7 636 671 723
1450 2 2 5 7 637 638 639
1451 2 2 5 7 637 639 674
1452 2 2 5 7 664 637 674
1453 2 2 5 7 639 638 699
1454 2 2 5 7 674 639 675
1455 2 2 5 7 641 640 642
1456 2 2 5 7 642 640 679
1457 2 2 5 7 641 642 744
1458 2 2 5 7 680 641 733
1459 2 2 5 7 733 641 744
1460 2 2 5 7 642 679 708
1461 2 2 5 7 700 642 708
1462 2 2 5 7 643 644 670
1463 2 2 5 7 645 643 670
1464 2 2 5 7 644 660 683
1465 2 2 5 7 670 644 682
1466 2 2 5 7 682 644 683
1467 2 2 5 7 645 670 743
1468 2 2 5 7 685 645 713
1469 2 2 5 7 713 645 743
1470 2 2 5 7 647 646 648
1471 2 2 5 7 648 646 678
1472 2 2 5 7 647 648 739
1473 2 2 5 7 647 673 734
1474 2 2 5 7 673 647 755
1475 2 2 5 7 647 739 755
1476 2 2 5 7 648 678 709
1477 2 2 5 7 648 709 751
1478 2 2 5 7 739 648 751
1479 2 2 5 7 696 650 742
1480 2 2 5 7 651 652 677
1481 2 2 5 7 652 653 729
1482 2 2 5 7 677 652 718
1483 2 2 5 7 718 652 729
1484 2 2 5 7 653 654 657
1485 2 2 5 7 654 655 657
1486 2 2 5 7 655 656 658
1487 2 2 5 7 658 656 725
1488 2 2 5 7 656 669 716
1489 2 2 5 7 656 716 725
1490 2 2 5 7 670 682 691
1491 2 2 5 7 671 711 752
1492 2 2 5 7 723 671 752
1493 2 2 5 7 690 673 755
1494 2 2 5 7 674 675 716
1495 2 2 5 7 675 686 725
1496 2 2 5 7 716 675 725
1497 2 2 5 7 688 677 689
1498 2 2 5 7 689 677 718
1499 2 2 5 7 730 680 733
1500 2 2 5 7 682 683 754
1501 2 2 5 7 683 684 754
1502 2 2 5 7 684 687 754
1503 2 2 5 7 685 713 727
1504 2 2 5 7 688 689 715
1505 2 2 5 7 689 698 715
1506 2 2 5 7 693 713 743
1507 2 2 5 7 694 739 751
1508 2 2 5 7 695 718 729
1509 2 2 5 7 697 719 727
1510 2 2 5 7 701 733 744
1511 2 2 5 7 702 723 752
1512 2 2 5 7 705 706 707
1513 2 2 5 7 705 707 738
1514 2 2 5 7 707 706 711
1515 2 2 5 7 707 711 749
1516 2 2 5 7 714 747 750
1517 4 2 1 1 135 143 2 18
1518 4 2 1 1 140 142 11 12
1519 4 2 1 1 138 8 9 142
1520 4 2 1 1 7 1 142 136
1521 4 2 1 1 11 141 10 142
1522 4 2 1 1 16 139 143 15
1523 4 2 1 1 143 14 137 13
1524 4 2 1 1 7 142 8 137
1525 4 2 1 1 1 12 142 135
1526 4 2 1 1 17 143 140 18
1527 4 2 1 1 143 14 15 138
1528 4 2 1 1 13 136 143 2
1529 4 2 1 1 139 9 10 142
1530 4 2 1 1 16 17 143 141
1531 4 2 1 1 136 1 142 2
1532 4 2 1 1 136 142 143 2
1533 4 2 1 1 17 143 141 11
1534 4 2 1 1 142 7 136 13
1535 4 2 1 1 10 16 143 141
1536 4 2 1 1 2 1 142 135
1537 4 2 1 1 142 143 2 135
1538 4 2 1 1 135 12 142 18
1539 4 2 1 1 142 143 135 18
1540 4 2 1 1 143 14 138 8
1541 4 2 1 1 143 139 16 10
1542 4 2 1 1 17 143 11 140
1543 4 2 1 1 140 143 142 18
1544 4 2 1 1 136 143 142 13
1545 4 2 1 1 139 15 9 142
1546 4 2 1 1 12 140 142 18
1547 4 2 1 1 15 138 9 142
1548 4 2 1 1 11 143 141 142
1549 4 2 1 1 142 11 143 140
1550 4 2 1 1 143 10 141 142
1551 4 2 1 1 8 138 143 142
1552 4 2 1 1 10 143 139 142
1553 4 2 1 1 15 139 143 142
1554 4 2 1 1 138 15 143 142
1555 4 2 1 1 143 14 8 137
1556 4 2 1 1 143 8 142 137
1557 4 2 1 1 137 7 142 13
1558 4 2 1 1 137 142 143 13
1559 4 2 2 3 388 165 79 771
1560 4 2 2 3 131 470 693 771
1561 4 2 2 3 700 486 88 767
1562 4 2 2 3 178 412 55 766
1563 4 2 2 3 483 107 717 766
1564 4 2 2 3 419 277 398 773
1565 4 2 2 3 582 724 703 773
1566 4 2 2 3 149 29 30 458
1567 4 2 2 3 723 752 671 763
1568 4 2 2 3 148 22 21 151
1569 4 2 2 3 147 21 20 156
1570 4 2 2 3 23 22 150 157
1571 4 2 2 3 29 28 462 150
1572 4 2 2 3 19 20 152 146
1573 4 2 2 3 23 24 153 149
1574 4 2 2 3 456 28 27 148
1575 4 2 2 3 461 27 26 147
1576 4 2 2 3 447 418 366 763
1577 4 2 2 3 146 25 26 457
1578 4 2 2 3 154 3 19 145
1579 4 2 2 3 145 4 25 459
1580 4 2 2 3 483 55 107 766
1581 4 2 2 3 642 374 679 769
1582 4 2 2 3 144 30 4 460
1583 4 2 2 3 335 337 640 769
1584 4 2 2 3 153 714 458 772
1585 4 2 2 3 493 188 189 761
1586 4 2 2 3 326 631 494 761
1587 4 2 2 3 55 483 178 766
1588 4 2 2 3 458 714 747 772
1589 4 2 2 3 419 398 724 773
1590 4 2 2 3 724 398 703 773
1591 4 2 2 3 733 425 428 770
1592 4 2 2 3 493 189 494 761
1593 4 2 2 3 337 642 640 769
1594 4 2 2 3 244 253 558 768
1595 4 2 2 3 549 244 558 768
1596 4 2 2 3 153 409 714 772
1597 4 2 2 3 425 733 730 770
1598 4 2 2 3 717 107 412 766
1599 4 2 2 3 155 24 3 144
1600 4 2 2 3 680 733 428 770
1601 4 2 2 3 375 425 730 770
1602 4 2 2 3 337 374 642 769
1603 4 2 2 3 680 375 730 770
1604 4 2 2 3 428 375 680 770
1605 4 2 2 3 181 88 486 767
1606 4 2 2 3 36 88 181 767
1607 4 2 2 3 652 265 347 765
1608 4 2 2 3 652 570 265 765
1609 4 2 2 3 385 94 690 764
1610 4 2 2 3 412 107 55 766
1611 4 2 2 3 189 326 494 761
1612 4 2 2 3 723 671 418 763
1613 4 2 2 3 265 570 348 765
1614 4 2 2 3 653 652 347 765
1615 4 2 2 3 418 671 366 763
1616 4 2 2 3 338 244 549 768
1617 4 2 2 3 131 165 470 771
1618 4 2 2 3 42 94 385 764
1619 4 2 2 3 703 277 582 773
1620 4 2 2 3 253 643 558 768
1621 4 2 2 3 79 165 131 771
1622 4 2 2 3 570 653 348 765
1623 4 2 2 3 94 42 95 764
1624 4 2 2 3 348 653 347 765
1625 4 2 2 3 94 166 471 762
1626 4 2 2 3 442 409 153 772
1627 4 2 2 3 94 42 166 762
1628 4 2 2 3 43 385 690 764
1629 4 2 2 3 398 277 703 773
1630 4 2 2 3 42 43 95 764
1631 4 2 2 3 166 41 471 762
1632 4 2 2 3 277 419 582 773
1633 4 2 2 3 470 388 693 771
1634 4 2 2 3 442 458 747 772
1635 4 2 2 3 737 20 26 146
1636 4 2 2 3 93 42 94 762
1637 4 2 2 3 643 338 549 768
1638 4 2 2 3 95 43 690 764
1639 4 2 2 3 165 388 470 771
1640 4 2 2 3 150 29 23 157
1641 4 2 2 3 253 338 643 768
1642 4 2 2 3 419 724 582 773
1643 4 2 2 3 486 395 181 767
1644 4 2 2 3 432 20 737 146
1645 4 2 2 3 150 462 29 157
1646 4 2 2 3 752 447 366 763
1647 4 2 2 3 409 442 747 772
1648 4 2 2 3 27 456 148 151
1649 4 2 2 3 415 29 23 149
1650 4 2 2 3 752 723 447 763
1651 4 2 2 3 148 21 27 151
1652 4 2 2 3 26 737 146 457
1653 4 2 2 3 152 432 737 146
1654 4 2 2 3 20 432 152 146
1655 4 2 2 3 41 93 471 762
1656 4 2 2 3 737 152 146 457
1657 4 2 2 3 700 395 486 767
1658 4 2 2 3 442 153 458 772
1659 4 2 2 3 312 616 704 617
1660 4 2 2 3 418 447 723 763
1661 4 2 2 3 388 79 693 771
1662 4 2 2 3 671 752 366 763
1663 4 2 2 3 459 759 454 609
1664 4 2 2 3 501 502 329 196
1665 4 2 2 3 516 518 213 212
1666 4 2 2 3 314 722 618 417
1667 4 2 2 3 518 516 517 212
1668 4 2 2 3 197 329 502 196
1669 4 2 2 3 501 502 634 329
1670 4 2 2 3 529 224 527 528
1671 4 2 2 3 201 505 507 200
1672 4 2 2 3 223 527 224 528
1673 4 2 2 3 516 213 211 212
1674 4 2 2 3 528 529 225 530
1675 4 2 2 3 225 224 529 528
1676 4 2 2 3 196 499 197 194
1677 4 2 2 3 224 225 223 528
1678 4 2 2 3 507 506 505 201
1679 4 2 2 3 220 221 525 218
1680 4 2 2 3 442 30 144 747
1681 4 2 2 3 529 531 225 530
1682 4 2 2 3 525 527 223 528
1683 4 2 2 3 202 201 507 200
1684 4 2 2 3 566 358 663 553
1685 4 2 2 3 518 520 666 213
1686 4 2 2 3 225 224 226 529
1687 4 2 2 3 197 499 503 198
1688 4 2 2 3 499 196 192 194
1689 4 2 2 3 221 523 525 218
1690 4 2 2 3 210 517 516 212
1691 4 2 2 3 506 359 199 201
1692 4 2 2 3 571 517 210 266
1693 4 2 2 3 222 525 223 220
1694 4 2 2 3 248 358 566 553
1695 4 2 2 3 22 28 456 148
1696 4 2 2 3 527 223 224 222
1697 4 2 2 3 558 246 244 551
1698 4 2 2 3 523 221 525 526
1699 4 2 2 3 502 501 499 196
1700 4 2 2 3 539 236 540 234
1701 4 2 2 3 516 211 210 212
1702 4 2 2 3 257 552 249 562
1703 4 2 2 3 516 515 517 210
1704 4 2 2 3 553 247 246 552
1705 4 2 2 3 192 193 499 194
1706 4 2 2 3 244 253 246 558
1707 4 2 2 3 544 543 239 542
1708 4 2 2 3 525 222 223 527
1709 4 2 2 3 499 197 194 198
1710 4 2 2 3 193 497 499 498
1711 4 2 2 3 254 361 666 215
1712 4 2 2 3 222 221 525 220
1713 4 2 2 3 196 499 192 501
1714 4 2 2 3 556 516 518 213
1715 4 2 2 3 197 502 499 196
1716 4 2 2 3 227 533 229 532
1717 4 2 2 3 246 551 663 553
1718 4 2 2 3 237 239 238 542
1719 4 2 2 3 543 238 239 542
1720 4 2 2 3 663 358 246 553
1721 4 2 2 3 229 533 534 532
1722 4 2 2 3 217 521 523 216
1723 4 2 2 3 210 516 514 211
1724 4 2 2 3 557 634 502 329
1725 4 2 2 3 329 502 557 197
1726 4 2 2 3 516 210 514 515
1727 4 2 2 3 254 666 520 215
1728 4 2 2 3 556 518 666 213
1729 4 2 2 3 215 361 666 213
1730 4 2 2 3 244 549 558 551
1731 4 2 2 3 525 527 221 222
1732 4 2 2 3 358 248 246 553
1733 4 2 2 3 213 556 516 211
1734 4 2 2 3 19 443 145 748
1735 4 2 2 3 627 323 270 575
1736 4 2 2 3 552 249 553 247
1737 4 2 2 3 525 527 526 221
1738 4 2 2 3 202 509 507 203
1739 4 2 2 3 263 540 233 568
1740 4 2 2 3 149 153 720 458
1741 4 2 2 3 540 538 233 568
1742 4 2 2 3 665 192 501 360
1743 4 2 2 3 497 499 501 192
1744 4 2 2 3 245 552 246 247
1745 4 2 2 3 523 217 216 218
1746 4 2 2 3 192 501 360 196
1747 4 2 2 3 454 430 302 759
1748 4 2 2 3 153 415 23 149
1749 4 2 2 3 236 234 235 540
1750 4 2 2 3 236 539 540 541
1751 4 2 2 3 548 242 545 547
1752 4 2 2 3 248 358 261 566
1753 4 2 2 3 496 498 497 193
1754 4 2 2 3 553 566 248 555
1755 4 2 2 3 215 666 520 213
1756 4 2 2 3 217 523 354 218
1757 4 2 2 3 245 242 244 550
1758 4 2 2 3 551 558 246 663
1759 4 2 2 3 253 358 246 663
1760 4 2 2 3 194 324 629 198
1761 4 2 2 3 323 270 322 627
1762 4 2 2 3 575 627 323 628
1763 4 2 2 3 545 242 546 547
1764 4 2 2 3 244 246 245 550
1765 4 2 2 3 246 551 553 552
1766 4 2 2 3 552 257 249 247
1767 4 2 2 3 502 499 503 197
1768 4 2 2 3 212 210 517 266
1769 4 2 2 3 223 620 525 528
1770 4 2 2 3 549 242 548 547
1771 4 2 2 3 520 217 254 215
1772 4 2 2 3 211 213 556 251
1773 4 2 2 3 629 503 499 198
1774 4 2 2 3 521 216 215 214
1775 4 2 2 3 558 253 246 663
1776 4 2 2 3 149 720 29 458
1777 4 2 2 3 249 552 553 554
1778 4 2 2 3 497 193 499 192
1779 4 2 2 3 227 225 531 530
1780 4 2 2 3 531 225 226 529
1781 4 2 2 3 665 192 497 501
1782 4 2 2 3 244 246 550 551
1783 4 2 2 3 216 217 521 215
1784 4 2 2 3 354 560 590 659
1785 4 2 2 3 199 503 505 200
1786 4 2 2 3 237 541 238 236
1787 4 2 2 3 359 664 506 199
1788 4 2 2 3 504 506 664 199
1789 4 2 2 3 524 525 220 315
1790 4 2 2 3 248 247 246 553
1791 4 2 2 3 199 198 503 200
1792 4 2 2 3 539 236 234 569
1793 4 2 2 3 547 549 242 550
1794 4 2 2 3 513 206 510 511
1795 4 2 2 3 213 361 556 251
1796 4 2 2 3 315 525 220 223
1797 4 2 2 3 540 263 233 235
1798 4 2 2 3 514 210 206 515
1799 4 2 2 3 509 508 507 203
1800 4 2 2 3 204 509 202 203
1801 4 2 2 3 571 517 515 210
1802 4 2 2 3 520 559 666 254
1803 4 2 2 3 540 236 237 235
1804 4 2 2 3 236 540 237 541
1805 4 2 2 3 249 553 555 554
1806 4 2 2 3 552 245 246 550
1807 4 2 2 3 208 510 206 205
1808 4 2 2 3 361 556 666 213
1809 4 2 2 3 229 533 357 534
1810 4 2 2 3 543 541 238 542
1811 4 2 2 3 541 237 238 542
1812 4 2 2 3 552 554 249 562
1813 4 2 2 3 242 548 545 243
1814 4 2 2 3 41 42 93 762
1815 4 2 2 3 243 244 242 549
1816 4 2 2 3 264 234 236 569
1817 4 2 2 3 508 506 507 201
1818 4 2 2 3 542 541 237 540
1819 4 2 2 3 194 629 499 198
1820 4 2 2 3 246 550 551 552
1821 4 2 2 3 535 229 536 534
1822 4 2 2 3 507 201 202 203
1823 4 2 2 3 240 243 242 545
1824 4 2 2 3 503 197 198 199
1825 4 2 2 3 250 566 248 261
1826 4 2 2 3 193 497 496 192
1827 4 2 2 3 548 243 242 549
1828 4 2 2 3 204 205 509 203
1829 4 2 2 3 508 509 205 203
1830 4 2 2 3 533 227 229 228
1831 4 2 2 3 217 520 254 522
1832 4 2 2 3 549 244 242 550
1833 4 2 2 3 245 602 552 297
1834 4 2 2 3 254 522 560 217
1835 4 2 2 3 546 299 604 547
1836 4 2 2 3 297 602 552 562
1837 4 2 2 3 242 545 546 240
1838 4 2 2 3 552 257 297 562
1839 4 2 2 3 523 221 354 218
1840 4 2 2 3 309 614 202 204
1841 4 2 2 3 614 509 507 202
1842 4 2 2 3 566 250 248 555
1843 4 2 2 3 518 519 520 213
1844 4 2 2 3 248 249 247 553
1845 4 2 2 3 550 549 244 551
1846 4 2 2 3 521 520 519 215
1847 4 2 2 3 520 254 522 559
1848 4 2 2 3 240 546 242 241
1849 4 2 2 3 522 521 523 217
1850 4 2 2 3 660 243 355 545
1851 4 2 2 3 560 559 522 254
1852 4 2 2 3 252 504 664 199
1853 4 2 2 3 664 359 252 199
1854 4 2 2 3 236 539 541 569
1855 4 2 2 3 210 211 514 209
1856 4 2 2 3 518 519 213 212
1857 4 2 2 3 525 524 620 315
1858 4 2 2 3 354 522 523 217
1859 4 2 2 3 215 519 521 214
1860 4 2 2 3 520 521 217 215
1861 4 2 2 3 553 249 555 248
1862 4 2 2 3 620 223 525 315
1863 4 2 2 3 216 523 524 521
1864 4 2 2 3 306 206 611 204
1865 4 2 2 3 659 221 523 526
1866 4 2 2 3 519 518 517 212
1867 4 2 2 3 245 297 299 602
1868 4 2 2 3 557 252 329 197
1869 4 2 2 3 524 220 219 315
1870 4 2 2 3 515 514 511 206
1871 4 2 2 3 227 531 533 532
1872 4 2 2 3 530 531 227 532
1873 4 2 2 3 240 543 545 546
1874 4 2 2 3 206 611 515 306
1875 4 2 2 3 201 507 508 203
1876 4 2 2 3 266 210 571 306
1877 4 2 2 3 200 503 505 321
1878 4 2 2 3 651 211 514 516
1879 4 2 2 3 543 240 241 546
1880 4 2 2 3 660 355 544 545
1881 4 2 2 3 200 198 503 321
1882 4 2 2 3 514 206 513 511
1883 4 2 2 3 536 233 234 539
1884 4 2 2 3 545 660 243 548
1885 4 2 2 3 331 634 557 329
1886 4 2 2 3 231 535 229 536
1887 4 2 2 3 535 231 229 230
1888 4 2 2 3 508 509 510 205
1889 4 2 2 3 523 216 524 218
1890 4 2 2 3 357 575 628 662
1891 4 2 2 3 193 574 324 269
1892 4 2 2 3 629 193 574 324
1893 4 2 2 3 522 354 523 659
1894 4 2 2 3 614 509 202 204
1895 4 2 2 3 233 536 538 539
1896 4 2 2 3 201 199 505 200
1897 4 2 2 3 238 240 241 543
1898 4 2 2 3 299 547 550 604
1899 4 2 2 3 240 355 243 545
1900 4 2 2 3 214 630 615 519
1901 4 2 2 3 609 454 302 759
1902 4 2 2 3 496 191 193 192
1903 4 2 2 3 629 193 324 194
1904 4 2 2 3 309 306 611 204
1905 4 2 2 3 515 210 206 306
1906 4 2 2 3 206 513 510 208
1907 4 2 2 3 354 560 522 217
1908 4 2 2 3 242 546 547 299
1909 4 2 2 3 148 456 22 151
1910 4 2 2 3 199 505 506 201
1911 4 2 2 3 309 611 614 204
1912 4 2 2 3 226 228 227 531
1913 4 2 2 3 297 245 247 552
1914 4 2 2 3 520 521 522 217
1915 4 2 2 3 323 322 452 757
1916 4 2 2 3 227 225 226 531
1917 4 2 2 3 240 543 544 545
1918 4 2 2 3 297 247 257 552
1919 4 2 2 3 205 509 206 204
1920 4 2 2 3 206 509 611 204
1921 4 2 2 3 663 593 358 566
1922 4 2 2 3 533 229 357 228
1923 4 2 2 3 210 514 206 209
1924 4 2 2 3 505 504 503 199
1925 4 2 2 3 231 233 234 536
1926 4 2 2 3 543 239 240 544
1927 4 2 2 3 359 506 207 201
1928 4 2 2 3 428 396 169 733
1929 4 2 2 3 355 240 544 545
1930 4 2 2 3 514 208 206 209
1931 4 2 2 3 216 524 325 521
1932 4 2 2 3 514 265 208 209
1933 4 2 2 3 539 233 234 540
1934 4 2 2 3 504 502 503 197
1935 4 2 2 3 215 520 519 213
1936 4 2 2 3 550 242 299 245
1937 4 2 2 3 535 227 229 532
1938 4 2 2 3 504 557 502 197
1939 4 2 2 3 229 534 535 532
1940 4 2 2 3 285 590 354 255
1941 4 2 2 3 560 354 590 255
1942 4 2 2 3 238 239 240 543
1943 4 2 2 3 265 651 652 346
1944 4 2 2 3 659 560 522 354
1945 4 2 2 3 355 240 239 544
1946 4 2 2 3 214 215 519 213
1947 4 2 2 3 274 295 632 579
1948 4 2 2 3 248 249 555 250
1949 4 2 2 3 539 538 233 540
1950 4 2 2 3 219 524 216 218
1951 4 2 2 3 550 299 604 602
1952 4 2 2 3 556 651 516 211
1953 4 2 2 3 209 514 265 346
1954 4 2 2 3 508 201 207 506
1955 4 2 2 3 519 214 213 212
1956 4 2 2 3 193 629 574 498
1957 4 2 2 3 193 629 499 194
1958 4 2 2 3 197 503 504 199
1959 4 2 2 3 504 252 197 199
1960 4 2 2 3 661 237 235 540
1961 4 2 2 3 509 510 206 511
1962 4 2 2 3 509 614 611 204
1963 4 2 2 3 357 228 575 533
1964 4 2 2 3 206 509 511 611
1965 4 2 2 3 602 245 552 550
1966 4 2 2 3 198 324 629 321
1967 4 2 2 3 499 498 629 193
1968 4 2 2 3 242 550 299 547
1969 4 2 2 3 611 571 515 306
1970 4 2 2 3 557 504 664 252
1971 4 2 2 3 540 263 661 568
1972 4 2 2 3 357 533 662 534
1973 4 2 2 3 509 205 206 510
1974 4 2 2 3 221 659 523 354
1975 4 2 2 3 661 542 237 540
1976 4 2 2 3 514 651 265 346
1977 4 2 2 3 198 629 503 321
1978 4 2 2 3 515 511 611 206
1979 4 2 2 3 205 565 208 510
1980 4 2 2 3 531 228 227 533
1981 4 2 2 3 242 546 299 241
1982 4 2 2 3 651 251 211 556
1983 4 2 2 3 550 299 602 245
1984 4 2 2 3 235 234 233 540
1985 4 2 2 3 514 208 513 206
1986 4 2 2 3 208 570 514 513
1987 4 2 2 3 606 543 241 546
1988 4 2 2 3 496 500 498 193
1989 4 2 2 3 210 515 571 306
1990 4 2 2 3 227 535 229 230
1991 4 2 2 3 209 211 514 346
1992 4 2 2 3 693 79 131 771
1993 4 2 2 3 207 512 506 359
1994 4 2 2 3 539 234 649 569
1995 4 2 2 3 241 238 543 606
1996 4 2 2 3 634 331 557 636
1997 4 2 2 3 323 575 357 270
1998 4 2 2 3 533 575 357 662
1999 4 2 2 3 535 318 532 623
2000 4 2 2 3 288 261 358 566
2001 4 2 2 3 201 508 207 203
2002 4 2 2 3 661 235 263 540
2003 4 2 2 3 220 525 524 218
2004 4 2 2 3 560 255 254 217
2005 4 2 2 3 524 216 325 219
2006 4 2 2 3 252 331 557 329
2007 4 2 2 3 211 651 514 346
2008 4 2 2 3 505 506 504 199
2009 4 2 2 3 344 569 234 264
2010 4 2 2 3 578 585 280 633
2011 4 2 2 3 575 323 357 628
2012 4 2 2 3 576 314 618 271
2013 4 2 2 3 225 227 318 530
2014 4 2 2 3 506 207 508 512
2015 4 2 2 3 525 523 524 218
2016 4 2 2 3 505 576 200 321
2017 4 2 2 3 512 664 506 359
2018 4 2 2 3 408 685 727 380
2019 4 2 2 3 556 361 688 251
2020 4 2 2 3 195 500 191 193
2021 4 2 2 3 224 527 563 529
2022 4 2 2 3 330 665 501 360
2023 4 2 2 3 501 330 360 196
2024 4 2 2 3 346 652 265 347
2025 4 2 2 3 626 505 503 321
2026 4 2 2 3 361 556 688 666
2027 4 2 2 3 570 651 652 265
2028 4 2 2 3 208 654 570 513
2029 4 2 2 3 535 318 227 532
2030 4 2 2 3 235 356 237 661
2031 4 2 2 3 593 288 358 566
2032 4 2 2 3 532 318 530 623
2033 4 2 2 3 600 632 295 579
2034 4 2 2 3 295 327 274 632
2035 4 2 2 3 760 455 368 599
2036 4 2 2 3 265 514 208 570
2037 4 2 2 3 226 567 228 531
2038 4 2 2 3 557 504 252 197
2039 4 2 2 3 325 214 615 310
2040 4 2 2 3 527 341 221 222
2041 4 2 2 3 513 565 510 208
2042 4 2 2 3 341 526 527 221
2043 4 2 2 3 389 467 45 694
2044 4 2 2 3 560 354 255 217
2045 4 2 2 3 422 380 408 727
2046 4 2 2 3 219 220 524 218
2047 4 2 2 3 514 651 570 265
2048 4 2 2 3 296 423 728 179
2049 4 2 2 3 569 236 264 606
2050 4 2 2 3 630 214 615 325
2051 4 2 2 3 606 302 605 301
2052 4 2 2 3 251 651 211 346
2053 4 2 2 3 527 224 563 222
2054 4 2 2 3 567 228 533 575
2055 4 2 2 3 318 532 530 227
2056 4 2 2 3 195 574 193 269
2057 4 2 2 3 626 576 321 314
2058 4 2 2 3 356 235 263 661
2059 4 2 2 3 318 227 230 535
2060 4 2 2 3 569 541 236 606
2061 4 2 2 3 536 537 233 538
2062 4 2 2 3 228 270 357 575
2063 4 2 2 3 563 342 341 258
2064 4 2 2 3 462 28 22 150
2065 4 2 2 3 521 216 214 325
2066 4 2 2 3 253 380 358 663
2067 4 2 2 3 349 208 570 265
2068 4 2 2 3 500 496 191 193
2069 4 2 2 3 228 531 567 533
2070 4 2 2 3 557 331 637 636
2071 4 2 2 3 500 191 326 195
2072 4 2 2 3 519 517 615 212
2073 4 2 2 3 719 697 414 464
2074 4 2 2 3 626 503 629 321
2075 4 2 2 3 475 371 48 170
2076 4 2 2 3 580 665 360 190
2077 4 2 2 3 380 253 558 663
2078 4 2 2 3 331 557 637 252
2079 4 2 2 3 357 232 229 534
2080 4 2 2 3 513 654 565 208
2081 4 2 2 3 651 556 677 251
2082 4 2 2 3 224 362 226 529
2083 4 2 2 3 259 257 249 562
2084 4 2 2 3 233 231 232 536
2085 4 2 2 3 512 207 369 359
2086 4 2 2 3 637 664 359 252
2087 4 2 2 3 635 665 501 330
2088 4 2 2 3 106 483 695 390
2089 4 2 2 3 182 723 638 418
2090 4 2 2 3 528 225 267 530
2091 4 2 2 3 685 380 558 663
2092 4 2 2 3 574 500 193 498
2093 4 2 2 3 273 578 280 633
2094 4 2 2 3 190 192 665 360
2095 4 2 2 3 636 637 638 331
2096 4 2 2 3 666 283 361 254
2097 4 2 2 3 225 528 267 223
2098 4 2 2 3 238 241 301 606
2099 4 2 2 3 369 664 512 359
2100 4 2 2 3 184 479 490 489
2101 4 2 2 3 521 524 325 630
2102 4 2 2 3 238 236 541 606
2103 4 2 2 3 576 505 626 321
2104 4 2 2 3 267 620 316 315
2105 4 2 2 3 562 249 259 564
2106 4 2 2 3 521 519 630 214
2107 4 2 2 3 421 597 472 726
2108 4 2 2 3 475 48 676 100
2109 4 2 2 3 371 475 48 676
2110 4 2 2 3 740 291 732 596
2111 4 2 2 3 229 536 534 232
2112 4 2 2 3 606 241 605 546
2113 4 2 2 3 238 541 543 606
2114 4 2 2 3 569 344 234 649
2115 4 2 2 3 192 495 665 497
2116 4 2 2 3 720 153 633 458
2117 4 2 2 3 374 232 357 662
2118 4 2 2 3 685 408 727 713
2119 4 2 2 3 325 704 616 630
2120 4 2 2 3 593 358 380 663
2121 4 2 2 3 574 195 193 500
2122 4 2 2 3 618 271 314 313
2123 4 2 2 3 314 576 618 619
2124 4 2 2 3 277 326 500 582
2125 4 2 2 3 496 631 500 191
2126 4 2 2 3 188 631 326 761
2127 4 2 2 3 214 519 615 212
2128 4 2 2 3 169 733 425 428
2129 4 2 2 3 269 586 324 281
2130 4 2 2 3 565 205 208 260
2131 4 2 2 3 644 682 377 670
2132 4 2 2 3 614 202 271 309
2133 4 2 2 3 202 507 614 271
2134 4 2 2 3 495 496 497 192
2135 4 2 2 3 650 426 731 478
2136 4 2 2 3 258 224 222 563
2137 4 2 2 3 408 175 422 727
2138 4 2 2 3 711 402 706 707
2139 4 2 2 3 372 346 651 251
2140 4 2 2 3 685 593 380 663
2141 4 2 2 3 562 554 249 564
2142 4 2 2 3 588 666 559 254
2143 4 2 2 3 664 637 557 252
2144 4 2 2 3 597 421 668 726
2145 4 2 2 3 667 531 226 529
2146 4 2 2 3 229 536 232 231
2147 4 2 2 3 270 228 262 575
2148 4 2 2 3 633 273 578 703
2149 4 2 2 3 21 27 721 147
2150 4 2 2 3 654 208 570 349
2151 4 2 2 3 329 330 501 196
2152 4 2 2 3 661 263 375 680
2153 4 2 2 3 622 267 316 317
2154 4 2 2 3 612 307 306 309
2155 4 2 2 3 184 490 174 185
2156 4 2 2 3 467 389 45 162
2157 4 2 2 3 576 200 507 505
2158 4 2 2 3 362 224 563 529
2159 4 2 2 3 263 661 568 680
2160 4 2 2 3 330 501 634 329
2161 4 2 2 3 682 386 377 670
2162 4 2 2 3 414 422 697 719
2163 4 2 2 3 232 357 662 534
2164 4 2 2 3 496 495 191 192
2165 4 2 2 3 271 618 614 309
2166 4 2 2 3 349 565 208 260
2167 4 2 2 3 346 652 372 651
2168 4 2 2 3 47 48 676 371
2169 4 2 2 3 48 99 676 100
2170 4 2 2 3 586 629 574 324
2171 4 2 2 3 574 586 324 269
2172 4 2 2 3 537 662 232 679
2173 4 2 2 3 535 319 344 230
2174 4 2 2 3 507 202 200 271
2175 4 2 2 3 678 659 526 221
2176 4 2 2 3 236 301 264 606
2177 4 2 2 3 341 647 646 648
2178 4 2 2 3 150 22 462 157
2179 4 2 2 3 327 259 249 564
2180 4 2 2 3 567 228 575 262
2181 4 2 2 3 581 276 345 573
2182 4 2 2 3 555 327 274 250
2183 4 2 2 3 474 425 733 730
2184 4 2 2 3 414 159 437 742
2185 4 2 2 3 132 386 133 691
2186 4 2 2 3 278 703 328 583
2187 4 2 2 3 571 615 517 266
2188 4 2 2 3 537 233 232 536
2189 4 2 2 3 226 567 531 667
2190 4 2 2 3 580 492 495 190
2191 4 2 2 3 635 711 330 366
2192 4 2 2 3 358 593 380 288
2193 4 2 2 3 250 261 268 566
2194 4 2 2 3 443 459 145 748
2195 4 2 2 3 555 249 554 327
2196 4 2 2 3 422 697 719 727
2197 4 2 2 3 567 226 228 262
2198 4 2 2 3 467 45 46 162
2199 4 2 2 3 208 654 565 349
2200 4 2 2 3 566 268 250 555
2201 4 2 2 3 191 631 500 326
2202 4 2 2 3 688 251 361 383
2203 4 2 2 3 733 680 428 641
2204 4 2 2 3 415 720 29 149
2205 4 2 2 3 175 408 713 727
2206 4 2 2 3 31 6 164 469
2207 4 2 2 3 169 701 733 396
2208 4 2 2 3 701 169 733 474
2209 4 2 2 3 611 612 306 309
2210 4 2 2 3 341 527 563 222
2211 4 2 2 3 377 449 754 683
2212 4 2 2 3 214 630 521 325
2213 4 2 2 3 612 611 614 309
2214 4 2 2 3 268 555 274 250
2215 4 2 2 3 5 6 82 382
2216 4 2 2 3 687 82 6 382
2217 4 2 2 3 31 6 5 164
2218 4 2 2 3 635 501 634 330
2219 4 2 2 3 479 184 490 174
2220 4 2 2 3 604 605 299 546
2221 4 2 2 3 554 327 249 564
2222 4 2 2 3 236 238 301 606
2223 4 2 2 3 212 615 214 310
2224 4 2 2 3 307 571 612 306
2225 4 2 2 3 181 88 87 486
2226 4 2 2 3 35 36 88 181
2227 4 2 2 3 177 82 81 482
2228 4 2 2 3 241 606 605 301
2229 4 2 2 3 232 662 537 534
2230 4 2 2 3 688 677 556 251
2231 4 2 2 3 328 273 280 633
2232 4 2 2 3 328 633 583 703
2233 4 2 2 3 703 278 328 398
2234 4 2 2 3 307 266 571 306
2235 4 2 2 3 99 48 676 47
2236 4 2 2 3 667 226 362 529
2237 4 2 2 3 661 375 595 680
2238 4 2 2 3 652 346 372 347
2239 4 2 2 3 271 321 576 314
2240 4 2 2 3 277 500 578 582
2241 4 2 2 3 578 195 273 269
2242 4 2 2 3 221 373 659 354
2243 4 2 2 3 205 669 508 203
2244 4 2 2 3 563 341 647 646
2245 4 2 2 3 166 455 368 760
2246 4 2 2 3 225 318 267 530
2247 4 2 2 3 341 647 648 342
2248 4 2 2 3 648 342 343 341
2249 4 2 2 3 664 369 512 674
2250 4 2 2 3 212 615 266 517
2251 4 2 2 3 340 643 670 645
2252 4 2 2 3 612 307 309 313
2253 4 2 2 3 87 396 181 701
2254 4 2 2 3 623 319 535 318
2255 4 2 2 3 356 263 375 661
2256 4 2 2 3 621 620 316 572
2257 4 2 2 3 620 267 316 572
2258 4 2 2 3 632 555 274 579
2259 4 2 2 3 372 651 677 251
2260 4 2 2 3 290 256 595 594
2261 4 2 2 3 714 633 153 458
2262 4 2 2 3 282 559 560 254
2263 4 2 2 3 195 578 574 269
2264 4 2 2 3 55 106 483 107
2265 4 2 2 3 158 38 37 463
2266 4 2 2 3 536 234 649 539
2267 4 2 2 3 265 570 349 348
2268 4 2 2 3 530 318 267 623
2269 4 2 2 3 132 386 80 133
2270 4 2 2 3 534 537 232 536
2271 4 2 2 3 409 328 714 583
2272 4 2 2 3 700 88 36 767
2273 4 2 2 3 324 586 321 281
2274 4 2 2 3 331 638 723 418
2275 4 2 2 3 76 159 697 464
2276 4 2 2 3 685 380 593 727
2277 4 2 2 3 332 331 637 252
2278 4 2 2 3 479 69 70 174
2279 4 2 2 3 510 669 508 205
2280 4 2 2 3 159 414 697 464
2281 4 2 2 3 559 282 588 254
2282 4 2 2 3 319 535 344 624
2283 4 2 2 3 344 535 649 624
2284 4 2 2 3 282 588 296 587
2285 4 2 2 3 73 72 387 125
2286 4 2 2 3 173 696 650 391
2287 4 2 2 3 371 589 610 284
2288 4 2 2 3 302 606 605 607
2289 4 2 2 3 302 301 300 605
2290 4 2 2 3 579 555 274 573
2291 4 2 2 3 413 466 689 718
2292 4 2 2 3 590 659 373 354
2293 4 2 2 3 651 677 652 372
2294 4 2 2 3 555 249 327 250
2295 4 2 2 3 611 612 571 306
2296 4 2 2 3 258 362 224 563
2297 4 2 2 3 273 328 398 703
2298 4 2 2 3 328 273 633 703
2299 4 2 2 3 234 536 649 231
2300 4 2 2 3 262 226 362 667
2301 4 2 2 3 476 116 65 171
2302 4 2 2 3 331 637 638 332
2303 4 2 2 3 669 510 565 205
2304 4 2 2 3 267 528 530 572
2305 4 2 2 3 321 576 200 271
2306 4 2 2 3 535 536 231 649
2307 4 2 2 3 535 344 231 230
2308 4 2 2 3 317 623 319 622
2309 4 2 2 3 343 342 739 434
2310 4 2 2 3 681 68 69 376
2311 4 2 2 3 422 593 380 727
2312 4 2 2 3 625 443 152 748
2313 4 2 2 3 280 585 720 633
2314 4 2 2 3 344 264 303 569
2315 4 2 2 3 508 207 203 669
2316 4 2 2 3 623 317 319 318
2317 4 2 2 3 467 97 45 694
2318 4 2 2 3 321 586 314 281
2319 4 2 2 3 672 166 41 471
2320 4 2 2 3 74 73 173 478
2321 4 2 2 3 267 528 620 223
2322 4 2 2 3 30 442 144 24
2323 4 2 2 3 605 241 299 546
2324 4 2 2 3 580 492 190 275
2325 4 2 2 3 187 190 492 275
2326 4 2 2 3 336 375 263 680
2327 4 2 2 3 258 222 341 563
2328 4 2 2 3 646 526 527 341
2329 4 2 2 3 760 672 455 599
2330 4 2 2 3 342 563 341 647
2331 4 2 2 3 592 437 650 742
2332 4 2 2 3 614 618 612 309
2333 4 2 2 3 508 207 669 512
2334 4 2 2 3 279 297 257 584
2335 4 2 2 3 67 68 468 163
2336 4 2 2 3 636 638 723 331
2337 4 2 2 3 335 263 233 568
2338 4 2 2 3 538 335 233 568
2339 4 2 2 3 374 232 662 679
2340 4 2 2 3 285 284 590 255
2341 4 2 2 3 560 590 589 255
2342 4 2 2 3 568 336 263 680
2343 4 2 2 3 320 317 319 622
2344 4 2 2 3 145 25 19 748
2345 4 2 2 3 321 629 586 324
2346 4 2 2 3 319 318 230 535
2347 4 2 2 3 297 584 602 562
2348 4 2 2 3 584 297 257 562
2349 4 2 2 3 637 664 369 359
2350 4 2 2 3 483 106 54 390
2351 4 2 2 3 54 483 390 178
2352 4 2 2 3 743 670 438 470
2353 4 2 2 3 702 116 476 397
2354 4 2 2 3 667 362 563 529
2355 4 2 2 3 295 419 327 724
2356 4 2 2 3 720 415 153 149
2357 4 2 2 3 262 293 270 575
2358 4 2 2 3 500 578 574 195
2359 4 2 2 3 395 403 708 642
2360 4 2 2 3 407 39 38 712
2361 4 2 2 3 327 555 274 632
2362 4 2 2 3 268 345 276 573
2363 4 2 2 3 573 345 581 650
2364 4 2 2 3 195 326 500 277
2365 4 2 2 3 595 356 375 661
2366 4 2 2 3 593 422 380 288
2367 4 2 2 3 366 634 331 329
2368 4 2 2 3 71 122 488 123
2369 4 2 2 3 355 544 577 660
2370 4 2 2 3 406 706 402 401
2371 4 2 2 3 402 711 706 406
2372 4 2 2 3 526 341 678 221
2373 4 2 2 3 332 637 359 252
2374 4 2 2 3 628 374 357 662
2375 4 2 2 3 650 426 581 731
2376 4 2 2 3 45 467 46 97
2377 4 2 2 3 316 572 622 621
2378 4 2 2 3 267 622 316 572
2379 4 2 2 3 288 422 414 719
2380 4 2 2 3 711 635 671 366
2381 4 2 2 3 428 375 336 680
2382 4 2 2 3 70 479 174 183
2383 4 2 2 3 349 570 654 348
2384 4 2 2 3 386 81 80 133
2385 4 2 2 3 333 334 638 394
2386 4 2 2 3 289 291 740 596
2387 4 2 2 3 620 315 267 223
2388 4 2 2 3 687 82 134 6
2389 4 2 2 3 6 31 83 469
2390 4 2 2 3 560 255 282 254
2391 4 2 2 3 684 289 577 379
2392 4 2 2 3 411 369 512 207
2393 4 2 2 3 288 287 261 566
2394 4 2 2 3 723 182 638 487
2395 4 2 2 3 697 422 175 727
2396 4 2 2 3 576 626 619 314
2397 4 2 2 3 125 72 387 692
2398 4 2 2 3 373 709 590 285
2399 4 2 2 3 681 69 479 174
2400 4 2 2 3 262 567 598 575
2401 4 2 2 3 461 20 26 737
2402 4 2 2 3 488 70 71 183
2403 4 2 2 3 169 86 85 474
2404 4 2 2 3 115 487 114 182
2405 4 2 2 3 354 373 590 285
2406 4 2 2 3 239 577 355 544
2407 4 2 2 3 273 195 578 277
2408 4 2 2 3 710 681 490 185
2409 4 2 2 3 705 66 67 400
2410 4 2 2 3 94 385 690 471
2411 4 2 2 3 115 702 487 397
2412 4 2 2 3 361 688 283 666
2413 4 2 2 3 569 302 606 264
2414 4 2 2 3 659 678 373 221
2415 4 2 2 3 396 86 169 701
2416 4 2 2 3 701 86 169 474
2417 4 2 2 3 284 589 590 255
2418 4 2 2 3 76 159 392 697
2419 4 2 2 3 696 173 650 478
2420 4 2 2 3 226 262 567 667
2421 4 2 2 3 397 116 115 702
2422 4 2 2 3 560 587 559 282
2423 4 2 2 3 692 292 472 387
2424 4 2 2 3 566 593 288 592
2425 4 2 2 3 719 593 422 727
2426 4 2 2 3 234 344 231 649
2427 4 2 2 3 159 414 392 697
2428 4 2 2 3 638 637 639 332
2429 4 2 2 3 638 333 331 332
2430 4 2 2 3 344 535 231 649
2431 4 2 2 3 144 155 442 747
2432 4 2 2 3 418 182 723 397
2433 4 2 2 3 255 589 560 282
2434 4 2 2 3 173 345 391 650
2435 4 2 2 3 287 573 592 650
2436 4 2 2 3 70 479 183 488
2437 4 2 2 3 282 559 588 587
2438 4 2 2 3 665 580 495 190
2439 4 2 2 3 733 169 425 474
2440 4 2 2 3 328 409 278 583
2441 4 2 2 3 163 705 67 400
2442 4 2 2 3 134 81 82 482
2443 4 2 2 3 87 35 88 181
2444 4 2 2 3 133 81 134 482
2445 4 2 2 3 671 634 636 331
2446 4 2 2 3 68 69 120 681
2447 4 2 2 3 69 121 120 681
2448 4 2 2 3 576 614 507 271
2449 4 2 2 3 615 212 266 310
2450 4 2 2 3 658 168 353 350
2451 4 2 2 3 677 688 372 251
2452 4 2 2 3 355 339 243 660
2453 4 2 2 3 411 512 669 207
2454 4 2 2 3 608 344 303 569
2455 4 2 2 3 373 404 709 285
2456 4 2 2 3 590 678 709 373
2457 4 2 2 3 43 44 477 172
2458 4 2 2 3 719 414 742 464
2459 4 2 2 3 558 380 645 253
2460 4 2 2 3 608 649 344 569
2461 4 2 2 3 175 713 480 727
2462 4 2 2 3 590 659 678 373
2463 4 2 2 3 319 623 535 624
2464 4 2 2 3 243 338 244 549
2465 4 2 2 3 188 491 493 189
2466 4 2 2 3 205 364 669 203
2467 4 2 2 3 422 288 593 719
2468 4 2 2 3 104 51 698 103
2469 4 2 2 3 282 588 283 296
2470 4 2 2 3 624 303 625 608
2471 4 2 2 3 303 319 625 320
2472 4 2 2 3 666 588 283 254
2473 4 2 2 3 132 131 165 470
2474 4 2 2 3 554 555 327 632
2475 4 2 2 3 357 323 374 628
2476 4 2 2 3 445 155 304 460
2477 4 2 2 3 629 321 586 626
2478 4 2 2 3 587 560 589 282
2479 4 2 2 3 380 558 645 685
2480 4 2 2 3 303 624 625 319
2481 4 2 2 3 49 50 728 423
2482 4 2 2 3 660 339 243 548
2483 4 2 2 3 338 243 548 549
2484 4 2 2 3 111 686 59 112
2485 4 2 2 3 251 688 372 383
2486 4 2 2 3 495 192 665 190
2487 4 2 2 3 583 257 259 562
2488 4 2 2 3 418 638 182 333
2489 4 2 2 3 660 378 577 355
2490 4 2 2 3 426 292 731 692
2491 4 2 2 3 573 287 345 650
2492 4 2 2 3 268 287 345 573
2493 4 2 2 3 188 186 491 189
2494 4 2 2 3 488 479 184 489
2495 4 2 2 3 77 76 392 697
2496 4 2 2 3 669 260 364 205
2497 4 2 2 3 483 54 55 178
2498 4 2 2 3 55 106 54 483
2499 4 2 2 3 614 576 618 271
2500 4 2 2 3 328 633 714 583
2501 4 2 2 3 433 580 738 402
2502 4 2 2 3 495 190 191 192
2503 4 2 2 3 669 260 205 565
2504 4 2 2 3 125 74 478 73
2505 4 2 2 3 564 554 327 632
2506 4 2 2 3 174 681 69 376
2507 4 2 2 3 496 188 631 191
2508 4 2 2 3 79 388 693 130
2509 4 2 2 3 406 752 447 366
2510 4 2 2 3 6 164 469 687
2511 4 2 2 3 68 468 163 376
2512 4 2 2 3 396 87 86 701
2513 4 2 2 3 267 530 623 572
2514 4 2 2 3 378 660 577 683
2515 4 2 2 3 72 125 124 692
2516 4 2 2 3 689 718 372 413
2517 4 2 2 3 689 718 677 372
2518 4 2 2 3 500 277 578 195
2519 4 2 2 3 164 6 382 687
2520 4 2 2 3 382 5 6 164
2521 4 2 2 3 742 391 437 650
2522 4 2 2 3 200 576 507 271
2523 4 2 2 3 583 562 259 564
2524 4 2 2 3 586 321 314 626
2525 4 2 2 3 734 368 429 599
2526 4 2 2 3 586 574 585 280
2527 4 2 2 3 177 687 82 482
2528 4 2 2 3 459 154 4 609
2529 4 2 2 3 70 121 479 122
2530 4 2 2 3 121 70 479 69
2531 4 2 2 3 397 116 476 171
2532 4 2 2 3 664 674 637 369
2533 4 2 2 3 255 284 589 282
2534 4 2 2 3 277 578 703 582
2535 4 2 2 3 290 375 425 730
2536 4 2 2 3 647 450 673 755
2537 4 2 2 3 670 682 386 691
2538 4 2 2 3 494 295 286 600
2539 4 2 2 3 627 270 293 575
2540 4 2 2 3 57 108 168 109
2541 4 2 2 3 108 57 168 56
2542 4 2 2 3 480 77 78 175
2543 4 2 2 3 319 623 624 622
2544 4 2 2 3 678 648 709 373
2545 4 2 2 3 343 404 709 373
2546 4 2 2 3 182 115 487 397
2547 4 2 2 3 326 631 500 582
2548 4 2 2 3 670 386 470 691
2549 4 2 2 3 365 386 165 470
2550 4 2 2 3 631 188 493 761
2551 4 2 2 3 44 45 694 389
2552 4 2 2 3 66 705 706 400
2553 4 2 2 3 567 294 262 598
2554 4 2 2 3 241 300 301 605
2555 4 2 2 3 669 364 207 203
2556 4 2 2 3 270 627 293 322
2557 4 2 2 3 610 305 371 284
2558 4 2 2 3 723 671 331 418
2559 4 2 2 3 46 97 467 98
2560 4 2 2 3 537 335 233 538
2561 4 2 2 3 724 632 295 600
2562 4 2 2 3 632 295 327 724
2563 4 2 2 3 645 408 380 685
2564 4 2 2 3 624 344 303 608
2565 4 2 2 3 622 319 320 625
2566 4 2 2 3 260 351 669 364
2567 4 2 2 3 638 334 333 332
2568 4 2 2 3 624 649 344 608
2569 4 2 2 3 303 319 344 624
2570 4 2 2 3 622 624 319 625
2571 4 2 2 3 87 181 486 701
2572 4 2 2 3 656 260 669 565
2573 4 2 2 3 414 422 392 697
2574 4 2 2 3 66 706 65 401
2575 4 2 2 3 165 80 131 132
2576 4 2 2 3 478 387 73 173
2577 4 2 2 3 653 483 657 348
2578 4 2 2 3 527 341 563 646
2579 4 2 2 3 714 409 747 772
2580 4 2 2 3 450 647 739 755
2581 4 2 2 3 92 180 367 485
2582 4 2 2 3 467 751 389 446
2583 4 2 2 3 528 267 620 572
2584 4 2 2 3 413 652 372 347
2585 4 2 2 3 188 496 495 191
2586 4 2 2 3 687 177 82 382
2587 4 2 2 3 122 71 488 70
2588 4 2 2 3 190 360 580 275
2589 4 2 2 3 280 720 415 328
2590 4 2 2 3 472 124 71 123
2591 4 2 2 3 289 272 256 577
2592 4 2 2 3 119 68 468 67
2593 4 2 2 3 68 119 468 120
2594 4 2 2 3 290 356 375 595
2595 4 2 2 3 116 64 65 171
2596 4 2 2 3 117 116 65 476
2597 4 2 2 3 301 302 264 606
2598 4 2 2 3 711 406 330 366
2599 4 2 2 3 394 114 487 182
2600 4 2 2 3 269 280 586 281
2601 4 2 2 3 36 395 700 767
2602 4 2 2 3 185 405 710 376
2603 4 2 2 3 710 681 185 376
2604 4 2 2 3 585 574 578 280
2605 4 2 2 3 328 153 409 714
2606 4 2 2 3 369 716 512 674
2607 4 2 2 3 284 590 610 285
2608 4 2 2 3 61 62 114 394
2609 4 2 2 3 294 262 362 667
2610 4 2 2 3 374 708 642 679
2611 4 2 2 3 723 671 636 331
2612 4 2 2 3 328 720 415 153
2613 4 2 2 3 473 717 108 412
2614 4 2 2 3 579 276 573 274
2615 4 2 2 3 680 375 595 730
2616 4 2 2 3 158 407 38 463
2617 4 2 2 3 460 304 3 155
2618 4 2 2 3 365 338 339 643
2619 4 2 2 3 328 280 720 633
2620 4 2 2 3 678 341 373 221
2621 4 2 2 3 191 188 631 326
2622 4 2 2 3 706 476 171 406
2623 4 2 2 3 461 20 737 432
2624 4 2 2 3 257 583 259 278
2625 4 2 2 3 671 634 331 366
2626 4 2 2 3 289 164 379 684
2627 4 2 2 3 489 421 488 726
2628 4 2 2 3 159 76 75 464
2629 4 2 2 3 70 479 488 122
2630 4 2 2 3 292 692 472 597
2631 4 2 2 3 292 387 167 472
2632 4 2 2 3 68 681 468 376
2633 4 2 2 3 662 628 374 679
2634 4 2 2 3 365 339 377 670
2635 4 2 2 3 644 377 339 670
2636 4 2 2 3 339 643 644 670
2637 4 2 2 3 643 339 365 670
2638 4 2 2 3 705 67 468 163
2639 4 2 2 3 90 38 39 712
2640 4 2 2 3 153 328 720 633
2641 4 2 2 3 53 105 52 161
2642 4 2 2 3 466 52 105 161
2643 4 2 2 3 652 413 372 718
2644 4 2 2 3 677 718 652 372
2645 4 2 2 3 588 254 282 283
2646 4 2 2 3 121 69 479 681
2647 4 2 2 3 183 479 174 184
2648 4 2 2 3 683 377 378 644
2649 4 2 2 3 385 94 166 471
2650 4 2 2 3 309 271 618 313
2651 4 2 2 3 697 175 77 480
2652 4 2 2 3 706 171 401 406
2653 4 2 2 3 476 706 711 406
2654 4 2 2 3 177 81 386 482
2655 4 2 2 3 361 688 383 283
2656 4 2 2 3 366 330 634 329
2657 4 2 2 3 758 371 475 453
2658 4 2 2 3 697 175 392 77
2659 4 2 2 3 337 439 641 744
2660 4 2 2 3 702 723 487 397
2661 4 2 2 3 570 653 654 348
2662 4 2 2 3 586 574 280 269
2663 4 2 2 3 561 544 239 542
2664 4 2 2 3 291 730 732 596
2665 4 2 2 3 470 386 132 691
2666 4 2 2 3 295 274 286 579
2667 4 2 2 3 386 470 132 165
2668 4 2 2 3 669 364 411 207
2669 4 2 2 3 689 413 384 161
2670 4 2 2 3 391 75 74 696
2671 4 2 2 3 561 239 237 542
2672 4 2 2 3 114 63 182 62
2673 4 2 2 3 741 47 676 436
2674 4 2 2 3 739 172 389 434
2675 4 2 2 3 61 114 113 394
2676 4 2 2 3 185 681 490 174
2677 4 2 2 3 359 369 637 332
2678 4 2 2 3 165 80 79 131
2679 4 2 2 3 39 407 180 712
2680 4 2 2 3 272 289 379 577
2681 4 2 2 3 610 676 589 371
2682 4 2 2 3 590 284 610 589
2683 4 2 2 3 189 491 493 494
2684 4 2 2 3 645 408 685 713
2685 4 2 2 3 386 365 377 670
2686 4 2 2 3 466 413 689 161
2687 4 2 2 3 623 317 267 622
2688 4 2 2 3 303 264 302 569
2689 4 2 2 3 452 463 708 757
2690 4 2 2 3 290 291 289 596
2691 4 2 2 3 670 438 340 743
2692 4 2 2 3 578 277 703 273
2693 4 2 2 3 708 374 642 403
2694 4 2 2 3 386 670 470 365
2695 4 2 2 3 51 52 698 393
2696 4 2 2 3 51 104 698 52
2697 4 2 2 3 485 322 293 627
2698 4 2 2 3 318 317 267 623
2699 4 2 2 3 183 479 184 488
2700 4 2 2 3 108 109 473 168
2701 4 2 2 3 555 566 268 573
2702 4 2 2 3 380 645 253 340
2703 4 2 2 3 44 477 172 389
2704 4 2 2 3 257 584 583 279
2705 4 2 2 3 349 655 565 260
2706 4 2 2 3 296 170 728 423
2707 4 2 2 3 716 369 512 411
2708 4 2 2 3 288 414 592 719
2709 4 2 2 3 273 280 578 269
2710 4 2 2 3 355 378 339 660
2711 4 2 2 3 341 526 678 646
2712 4 2 2 3 584 257 583 562
2713 4 2 2 3 335 233 232 537
2714 4 2 2 3 262 294 567 667
2715 4 2 2 3 555 268 274 573
2716 4 2 2 3 343 709 648 373
2717 4 2 2 3 698 52 466 161
2718 4 2 2 3 331 333 638 418
2719 4 2 2 3 335 679 374 769
2720 4 2 2 3 125 74 126 478
2721 4 2 2 3 490 186 184 489
2722 4 2 2 3 680 568 336 641
2723 4 2 2 3 330 634 635 366
2724 4 2 2 3 171 706 65 476
2725 4 2 2 3 709 467 305 404
2726 4 2 2 3 414 159 742 464
2727 4 2 2 3 66 706 401 400
2728 4 2 2 3 463 452 712 757
2729 4 2 2 3 280 574 578 269
2730 4 2 2 3 410 296 715 179
2731 4 2 2 3 279 298 297 584
2732 4 2 2 3 439 733 641 744
2733 4 2 2 3 464 697 76 128
2734 4 2 2 3 63 114 182 115
2735 4 2 2 3 293 262 598 575
2736 4 2 2 3 105 54 390 53
2737 4 2 2 3 173 426 650 478
2738 4 2 2 3 727 175 697 480
2739 4 2 2 3 749 635 711 444
2740 4 2 2 3 660 683 378 644
2741 4 2 2 3 439 701 733 744
2742 4 2 2 3 688 689 677 372
2743 4 2 2 3 387 125 478 73
2744 4 2 2 3 390 483 729 424
2745 4 2 2 3 422 697 175 392
2746 4 2 2 3 298 297 584 602
2747 4 2 2 3 756 280 451 281
2748 4 2 2 3 335 641 337 336
2749 4 2 2 3 82 482 687 134
2750 4 2 2 3 707 749 711 444
2751 4 2 2 3 681 479 490 174
2752 4 2 2 3 600 295 286 579
2753 4 2 2 3 325 704 399 616
2754 4 2 2 3 399 325 616 311
2755 4 2 2 3 90 37 38 463
2756 4 2 2 3 90 89 37 463
2757 4 2 2 3 386 165 132 80
2758 4 2 2 3 724 259 564 703
2759 4 2 2 3 311 325 615 310
2760 4 2 2 3 42 94 166 385
2761 4 2 2 3 388 693 130 480
2762 4 2 2 3 173 426 345 650
2763 4 2 2 3 654 655 565 349
2764 4 2 2 3 237 561 542 661
2765 4 2 2 3 461 721 27 147
2766 4 2 2 3 365 340 338 643
2767 4 2 2 3 757 323 322 627
2768 4 2 2 3 627 757 323 628
2769 4 2 2 3 429 563 342 734
2770 4 2 2 3 147 461 721 156
2771 4 2 2 3 706 171 65 401
2772 4 2 2 3 681 68 468 120
2773 4 2 2 3 337 486 395 181
2774 4 2 2 3 385 690 471 673
2775 4 2 2 3 615 616 630 325
2776 4 2 2 3 384 372 688 383
2777 4 2 2 3 484 715 296 179
2778 4 2 2 3 484 715 601 296
2779 4 2 2 3 49 475 48 170
2780 4 2 2 3 715 588 296 283
2781 4 2 2 3 684 754 449 683
2782 4 2 2 3 340 408 380 645
2783 4 2 2 3 671 331 418 366
2784 4 2 2 3 365 340 643 670
2785 4 2 2 3 610 436 467 741
2786 4 2 2 3 716 512 669 411
2787 4 2 2 3 336 428 680 641
2788 4 2 2 3 352 655 473 657
2789 4 2 2 3 156 147 21 416
2790 4 2 2 3 105 106 695 390
2791 4 2 2 3 482 133 386 691
2792 4 2 2 3 469 289 684 164
2793 4 2 2 3 78 480 175 388
2794 4 2 2 3 182 487 723 397
2795 4 2 2 3 256 561 595 594
2796 4 2 2 3 256 290 289 594
2797 4 2 2 3 396 87 181 35
2798 4 2 2 3 639 699 638 394
2799 4 2 2 3 334 639 638 394
2800 4 2 2 3 292 426 731 581
2801 4 2 2 3 402 706 707 400
2802 4 2 2 3 297 298 299 602
2803 4 2 2 3 648 342 739 343
2804 4 2 2 3 342 648 739 647
2805 4 2 2 3 686 725 481 176
2806 4 2 2 3 537 335 679 232
2807 4 2 2 3 71 72 124 472
2808 4 2 2 3 756 451 314 281
2809 4 2 2 3 77 76 697 128
2810 4 2 2 3 129 77 697 128
2811 4 2 2 3 185 490 186 184
2812 4 2 2 3 241 605 299 300
2813 4 2 2 3 601 588 587 296
2814 4 2 2 3 286 274 276 579
2815 4 2 2 3 52 105 104 466
2816 4 2 2 3 163 468 710 376
2817 4 2 2 3 592 593 288 719
2818 4 2 2 3 722 314 618 619
2819 4 2 2 3 314 618 313 417
2820 4 2 2 3 577 561 256 594
2821 4 2 2 3 577 256 289 594
2822 4 2 2 3 427 425 474 730
2823 4 2 2 3 66 117 706 118
2824 4 2 2 3 117 66 706 65
2825 4 2 2 3 64 116 397 171
2826 4 2 2 3 463 407 38 712
2827 4 2 2 3 461 616 721 156
2828 4 2 2 3 260 656 669 351
2829 4 2 2 3 696 159 75 464
2830 4 2 2 3 561 237 356 661
2831 4 2 2 3 713 175 388 408
2832 4 2 2 3 153 328 633 714
2833 4 2 2 3 303 608 569 607
2834 4 2 2 3 688 283 666 588
2835 4 2 2 3 105 390 161 53
2836 4 2 2 3 161 695 105 466
2837 4 2 2 3 683 682 377 644
2838 4 2 2 3 591 276 292 581
2839 4 2 2 3 189 186 491 363
2840 4 2 2 3 425 427 291 730
2841 4 2 2 3 699 113 114 394
2842 4 2 2 3 178 657 348 352
2843 4 2 2 3 645 253 643 558
2844 4 2 2 3 276 579 573 581
2845 4 2 2 3 309 618 612 313
2846 4 2 2 3 129 78 480 77
2847 4 2 2 3 78 129 480 130
2848 4 2 2 3 705 67 66 118
2849 4 2 2 3 67 705 119 118
2850 4 2 2 3 79 693 131 130
2851 4 2 2 3 388 79 78 130
2852 4 2 2 3 426 276 345 581
2853 4 2 2 3 686 60 381 59
2854 4 2 2 3 686 60 59 112
2855 4 2 2 3 399 616 312 311
2856 4 2 2 3 616 399 312 704
2857 4 2 2 3 288 287 566 592
2858 4 2 2 3 125 387 478 692
2859 4 2 2 3 738 400 163 433
2860 4 2 2 3 707 706 705 400
2861 4 2 2 3 299 602 603 604
2862 4 2 2 3 257 278 279 583
2863 4 2 2 3 62 114 394 182
2864 4 2 2 3 91 90 39 712
2865 4 2 2 3 174 185 681 376
2866 4 2 2 3 351 669 364 411
2867 4 2 2 3 160 370 686 381
2868 4 2 2 3 655 352 473 350
2869 4 2 2 3 473 350 352 168
2870 4 2 2 3 273 398 277 703
2871 4 2 2 3 398 259 419 724
2872 4 2 2 3 294 293 262 598
2873 4 2 2 3 187 185 490 186
2874 4 2 2 3 449 377 378 683
2875 4 2 2 3 658 473 168 350
2876 4 2 2 3 473 658 655 350
2877 4 2 2 3 695 161 105 390
2878 4 2 2 3 403 395 337 642
2879 4 2 2 3 395 708 700 642
2880 4 2 2 3 72 71 167 472
2881 4 2 2 3 744 486 439 701
2882 4 2 2 3 133 386 81 482
2883 4 2 2 3 577 378 683 379
2884 4 2 2 3 44 45 97 694
2885 4 2 2 3 182 63 115 397
2886 4 2 2 3 653 729 483 424
2887 4 2 2 3 116 397 115 64
2888 4 2 2 3 115 63 64 397
2889 4 2 2 3 755 690 450 673
2890 4 2 2 3 692 72 387 472
2891 4 2 2 3 637 674 639 369
2892 4 2 2 3 52 698 393 161
2893 4 2 2 3 466 104 52 698
2894 4 2 2 3 705 468 67 119
2895 4 2 2 3 413 372 689 384
2896 4 2 2 3 296 728 484 179
2897 4 2 2 3 484 601 728 296
2898 4 2 2 3 595 561 356 661
2899 4 2 2 3 477 44 694 389
2900 4 2 2 3 475 49 48 101
2901 4 2 2 3 622 320 440 745
2902 4 2 2 3 398 259 724 703
2903 4 2 2 3 289 684 577 594
2904 4 2 2 3 302 569 606 607
2905 4 2 2 3 320 303 430 735
2906 4 2 2 3 435 732 291 427
2907 4 2 2 3 732 435 291 740
2908 4 2 2 3 495 190 188 191
2909 4 2 2 3 626 586 619 314
2910 4 2 2 3 634 671 635 366
2911 4 2 2 3 444 635 711 330
2912 4 2 2 3 753 448 307 313
2913 4 2 2 3 405 163 710 376
2914 4 2 2 3 681 710 468 376
2915 4 2 2 3 172 739 389 477
2916 4 2 2 3 598 627 293 575
2917 4 2 2 3 739 446 389 751
2918 4 2 2 3 56 108 412 168
2919 4 2 2 3 622 267 623 572
2920 4 2 2 3 458 30 442 747
2921 4 2 2 3 368 429 342 734
2922 4 2 2 3 86 33 169 85
2923 4 2 2 3 285 610 284 305
2924 4 2 2 3 153 24 30 149
2925 4 2 2 3 654 349 348 352
2926 4 2 2 3 173 391 74 696
2927 4 2 2 3 610 741 676 436
2928 4 2 2 3 172 477 43 690
2929 4 2 2 3 671 752 711 366
2930 4 2 2 3 471 368 385 673
2931 4 2 2 3 730 291 290 596
2932 4 2 2 3 159 391 437 742
2933 4 2 2 3 180 91 39 712
2934 4 2 2 3 481 58 59 176
2935 4 2 2 3 59 110 481 111
2936 4 2 2 3 733 439 641 428
2937 4 2 2 3 712 452 322 757
2938 4 2 2 3 169 34 86 396
2939 4 2 2 3 75 391 159 696
2940 4 2 2 3 164 289 435 469
2941 4 2 2 3 335 679 232 374
2942 4 2 2 3 375 290 595 730
2943 4 2 2 3 432 461 20 156
2944 4 2 2 3 428 439 396 733
2945 4 2 2 3 25 145 459 748
2946 4 2 2 3 19 443 154 145
2947 4 2 2 3 77 697 480 129
2948 4 2 2 3 126 75 696 74
2949 4 2 2 3 75 126 696 127
2950 4 2 2 3 312 461 616 617
2951 4 2 2 3 259 583 564 703
2952 4 2 2 3 563 429 342 258
2953 4 2 2 3 41 93 92 672
2954 4 2 2 3 367 92 672 41
2955 4 2 2 3 367 92 41 40
2956 4 2 2 3 716 669 351 411
2957 4 2 2 3 334 638 639 332
2958 4 2 2 3 739 342 450 434
2959 4 2 2 3 152 443 19 748
2960 4 2 2 3 429 734 599 667
2961 4 2 2 3 348 483 657 178
2962 4 2 2 3 459 454 154 609
2963 4 2 2 3 51 103 102 484
2964 4 2 2 3 95 43 96 477
2965 4 2 2 3 43 44 96 477
2966 4 2 2 3 705 66 706 118
2967 4 2 2 3 686 160 381 60
2968 4 2 2 3 465 60 686 112
2969 4 2 2 3 613 615 571 266
2970 4 2 2 3 616 613 721 308
2971 4 2 2 3 491 189 363 668
2972 4 2 2 3 385 166 368 471
2973 4 2 2 3 625 152 745 457
2974 4 2 2 3 692 124 72 472
2975 4 2 2 3 707 444 580 749
2976 4 2 2 3 709 467 610 305
2977 4 2 2 3 186 490 491 489
2978 4 2 2 3 487 638 394 182
2979 4 2 2 3 320 745 152 440
2980 4 2 2 3 461 26 20 147
2981 4 2 2 3 476 65 117 706
2982 4 2 2 3 597 292 421 472
2983 4 2 2 3 167 421 292 472
2984 4 2 2 3 740 435 289 469
2985 4 2 2 3 187 491 490 492
2986 4 2 2 3 371 170 475 453
2987 4 2 2 3 39 40 91 180
2988 4 2 2 3 274 268 276 573
2989 4 2 2 3 371 758 589 453
2990 4 2 2 3 491 189 668 494
2991 4 2 2 3 349 655 352 654
2992 4 2 2 3 476 447 406 752
2993 4 2 2 3 369 639 637 332
2994 4 2 2 3 436 610 467 305
2995 4 2 2 3 276 591 579 581
2996 4 2 2 3 577 239 355 272
2997 4 2 2 3 426 650 581 345
2998 4 2 2 3 363 292 421 668
2999 4 2 2 3 188 496 631 493
3000 4 2 2 3 568 538 335 640
3001 4 2 2 3 718 466 695 413
3002 4 2 2 3 87 34 396 86
3003 4 2 2 3 34 87 396 35
3004 4 2 2 3 641 335 337 640
3005 4 2 2 3 162 305 467 404
3006 4 2 2 3 388 713 693 480
3007 4 2 2 3 436 47 676 371
3008 4 2 2 3 287 268 261 566
3009 4 2 2 3 402 706 400 401
3010 4 2 2 3 101 100 48 475
3011 4 2 2 3 384 688 410 383
3012 4 2 2 3 473 412 352 717
3013 4 2 2 3 284 371 589 453
3014 4 2 2 3 567 599 294 598
3015 4 2 2 3 384 698 689 161
3016 4 2 2 3 286 363 189 668
3017 4 2 2 3 44 97 96 694
3018 4 2 2 3 57 746 168 441
3019 4 2 2 3 185 710 187 490
3020 4 2 2 3 283 296 715 410
3021 4 2 2 3 293 485 627 598
3022 4 2 2 3 432 316 617 312
3023 4 2 2 3 580 707 738 402
3024 4 2 2 3 668 292 421 597
3025 4 2 2 3 427 425 169 474
3026 4 2 2 3 444 711 707 402
3027 4 2 2 3 492 580 710 275
3028 4 2 2 3 187 710 275 492
3029 4 2 2 3 436 305 467 162
3030 4 2 2 3 742 414 592 437
3031 4 2 2 3 371 758 475 676
3032 4 2 2 3 302 735 759 430
3033 4 2 2 3 76 464 128 127
3034 4 2 2 3 464 76 75 127
3035 4 2 2 3 478 74 696 173
3036 4 2 2 3 175 713 388 480
3037 4 2 2 3 340 253 643 645
3038 4 2 2 3 259 583 703 278
3039 4 2 2 3 466 689 698 161
3040 4 2 2 3 295 494 286 189
3041 4 2 2 3 600 286 494 591
3042 4 2 2 3 668 189 286 494
3043 4 2 2 3 286 668 494 591
3044 4 2 2 3 754 682 377 683
3045 4 2 2 3 302 605 609 607
3046 4 2 2 3 300 609 302 605
3047 4 2 2 3 491 187 490 186
3048 4 2 2 3 298 445 304 603
3049 4 2 2 3 286 668 292 363
3050 4 2 2 3 167 387 72 472
3051 4 2 2 3 105 54 106 390
3052 4 2 2 3 738 400 433 402
3053 4 2 2 3 352 178 717 412
3054 4 2 2 3 715 588 601 296
3055 4 2 2 3 715 698 689 384
3056 4 2 2 3 678 341 648 373
3057 4 2 2 3 91 180 485 712
3058 4 2 2 3 679 335 640 769
3059 4 2 2 3 699 114 487 394
3060 4 2 2 3 495 493 496 188
3061 4 2 2 3 335 336 263 568
3062 4 2 2 3 421 489 488 184
3063 4 2 2 3 394 638 333 182
3064 4 2 2 3 186 363 184 489
3065 4 2 2 3 38 90 463 712
3066 4 2 2 3 327 259 564 724
3067 4 2 2 3 412 108 473 168
3068 4 2 2 3 78 480 388 130
3069 4 2 2 3 356 290 256 595
3070 4 2 2 3 710 187 275 405
3071 4 2 2 3 437 592 650 287
3072 4 2 2 3 668 286 292 591
3073 4 2 2 3 176 725 420 381
3074 4 2 2 3 219 704 325 524
3075 4 2 2 3 292 668 591 597
3076 4 2 2 3 472 71 488 123
3077 4 2 2 3 688 689 372 384
3078 4 2 2 3 23 29 415 157
3079 4 2 2 3 609 300 302 304
3080 4 2 2 3 673 760 368 599
3081 4 2 2 3 477 739 389 694
3082 4 2 2 3 617 737 621 432
3083 4 2 2 3 168 746 658 441
3084 4 2 2 3 47 741 676 99
3085 4 2 2 3 398 278 259 703
3086 4 2 2 3 716 669 656 351
3087 4 2 2 3 290 425 291 730
3088 4 2 2 3 385 172 43 690
3089 4 2 2 3 450 739 172 755
3090 4 2 2 3 340 670 743 645
3091 4 2 2 3 690 450 172 755
3092 4 2 2 3 467 436 46 741
3093 4 2 2 3 609 445 750 603
3094 4 2 2 3 609 304 445 603
3095 4 2 2 3 289 469 684 594
3096 4 2 2 3 481 59 686 176
3097 4 2 2 3 59 481 686 111
3098 4 2 2 3 71 183 167 488
3099 4 2 2 3 355 378 577 272
3100 4 2 2 3 613 571 612 307
3101 4 2 2 3 180 92 91 485
3102 4 2 2 3 287 437 345 650
3103 4 2 2 3 406 711 752 366
3104 4 2 2 3 102 50 51 484
3105 4 2 2 3 33 86 169 34
3106 4 2 2 3 152 457 625 748
3107 4 2 2 3 571 613 266 307
3108 4 2 2 3 484 50 51 179
3109 4 2 2 3 165 438 365 470
3110 4 2 2 3 686 725 176 381
3111 4 2 2 3 292 426 387 692
3112 4 2 2 3 154 3 4 609
3113 4 2 2 3 110 59 481 58
3114 4 2 2 3 734 673 368 599
3115 4 2 2 3 569 302 303 607
3116 4 2 2 3 367 166 41 672
3117 4 2 2 3 41 93 672 471
3118 4 2 2 3 432 617 461 312
3119 4 2 2 3 615 613 616 308
3120 4 2 2 3 610 305 436 371
3121 4 2 2 3 341 678 648 646
3122 4 2 2 3 650 742 391 696
3123 4 2 2 3 350 353 656 351
3124 4 2 2 3 350 658 656 353
3125 4 2 2 3 492 710 490 187
3126 4 2 2 3 615 308 266 613
3127 4 2 2 3 698 715 410 384
3128 4 2 2 3 289 291 435 740
3129 4 2 2 3 654 653 657 348
3130 4 2 2 3 180 92 367 40
3131 4 2 2 3 92 485 367 672
3132 4 2 2 3 684 379 577 683
3133 4 2 2 3 239 544 561 577
3134 4 2 2 3 446 739 389 434
3135 4 2 2 3 427 84 435 732
3136 4 2 2 3 84 435 732 740
3137 4 2 2 3 410 715 698 179
3138 4 2 2 3 338 548 643 549
3139 4 2 2 3 445 750 460 609
3140 4 2 2 3 460 304 445 609
3141 4 2 2 3 338 243 339 548
3142 4 2 2 3 259 327 419 724
3143 4 2 2 3 622 440 316 745
3144 4 2 2 3 431 326 736 494
3145 4 2 2 3 415 29 462 157
3146 4 2 2 3 426 731 478 692
3147 4 2 2 3 288 414 287 592
3148 4 2 2 3 429 294 362 667
3149 4 2 2 3 444 635 665 749
3150 4 2 2 3 668 421 489 726
3151 4 2 2 3 548 660 339 644
3152 4 2 2 3 294 599 567 667
3153 4 2 2 3 538 537 335 640
3154 4 2 2 3 337 374 403 642
3155 4 2 2 3 524 704 325 630
3156 4 2 2 3 276 292 286 591
3157 4 2 2 3 710 185 187 405
3158 4 2 2 3 384 393 698 161
3159 4 2 2 3 694 96 44 477
3160 4 2 2 3 597 591 292 581
3161 4 2 2 3 429 563 734 667
3162 4 2 2 3 715 484 698 179
3163 4 2 2 3 51 484 698 103
3164 4 2 2 3 74 478 696 126
3165 4 2 2 3 446 751 739 343
3166 4 2 2 3 311 615 308 310
3167 4 2 2 3 303 302 430 735
3168 4 2 2 3 154 304 3 609
3169 4 2 2 3 737 617 461 432
3170 4 2 2 3 449 687 177 754
3171 4 2 2 3 756 586 585 280
3172 4 2 2 3 426 292 276 581
3173 4 2 2 3 320 440 317 622
3174 4 2 2 3 655 656 565 260
3175 4 2 2 3 486 337 395 642
3176 4 2 2 3 395 700 486 642
3177 4 2 2 3 308 615 266 310
3178 4 2 2 3 377 177 386 682
3179 4 2 2 3 3 609 460 4
3180 4 2 2 3 341 343 648 373
3181 4 2 2 3 464 75 696 127
3182 4 2 2 3 290 595 596 594
3183 4 2 2 3 698 410 393 384
3184 4 2 2 3 160 675 686 370
3185 4 2 2 3 675 160 686 465
3186 4 2 2 3 433 580 710 738
3187 4 2 2 3 313 456 448 151
3188 4 2 2 3 698 410 179 393
3189 4 2 2 3 563 647 342 734
3190 4 2 2 3 694 467 751 389
3191 4 2 2 3 149 30 153 458
3192 4 2 2 3 751 404 343 446
3193 4 2 2 3 160 639 675 334
3194 4 2 2 3 335 537 679 640
3195 4 2 2 3 298 304 300 603
3196 4 2 2 3 594 740 289 469
3197 4 2 2 3 444 707 580 402
3198 4 2 2 3 492 190 188 495
3199 4 2 2 3 579 286 600 591
3200 4 2 2 3 406 444 711 330
3201 4 2 2 3 670 365 438 470
3202 4 2 2 3 177 377 449 754
3203 4 2 2 3 184 421 183 488
3204 4 2 2 3 590 709 610 285
3205 4 2 2 3 436 676 610 371
3206 4 2 2 3 753 313 456 448
3207 4 2 2 3 330 444 665 360
3208 4 2 2 3 402 444 711 406
3209 4 2 2 3 147 721 21 416
3210 4 2 2 3 303 320 625 735
3211 4 2 2 3 625 608 303 735
3212 4 2 2 3 729 695 483 390
3213 4 2 2 3 701 439 733 396
3214 4 2 2 3 180 322 293 485
3215 4 2 2 3 603 609 300 605
3216 4 2 2 3 722 456 618 417
3217 4 2 2 3 280 756 586 281
3218 4 2 2 3 57 58 746 441
3219 4 2 2 3 427 84 32 435
3220 4 2 2 3 414 742 592 719
3221 4 2 2 3 642 641 337 640
3222 4 2 2 3 294 368 455 599
3223 4 2 2 3 461 312 616 156
3224 4 2 2 3 391 345 437 650
3225 4 2 2 3 404 751 467 446
3226 4 2 2 3 348 653 483 424
3227 4 2 2 3 340 438 408 743
3228 4 2 2 3 107 108 717 412
3229 4 2 2 3 304 460 3 609
3230 4 2 2 3 314 586 756 281
3231 4 2 2 3 308 721 616 416
3232 4 2 2 3 613 308 266 307
3233 4 2 2 3 602 584 298 603
3234 4 2 2 3 609 300 304 603
3235 4 2 2 3 292 597 731 692
3236 4 2 2 3 363 186 491 489
3237 4 2 2 3 709 305 285 404
3238 4 2 2 3 155 442 24 144
3239 4 2 2 3 444 665 580 749
3240 4 2 2 3 612 753 307 313
3241 4 2 2 3 715 689 688 384
3242 4 2 2 3 339 378 377 644
3243 4 2 2 3 294 429 368 599
3244 4 2 2 3 101 50 728 49
3245 4 2 2 3 433 580 402 275
3246 4 2 2 3 450 647 673 342
3247 4 2 2 3 475 601 758 453
3248 4 2 2 3 439 337 486 744
3249 4 2 2 3 293 294 367 598
3250 4 2 2 3 347 729 653 424
3251 4 2 2 3 655 349 350 260
3252 4 2 2 3 30 144 747 460
3253 4 2 2 3 337 439 336 641
3254 4 2 2 3 471 760 368 673
3255 4 2 2 3 635 444 665 330
3256 4 2 2 3 156 616 721 416
3257 4 2 2 3 605 299 603 604
3258 4 2 2 3 463 395 158 708
3259 4 2 2 3 602 298 299 603
3260 4 2 2 3 71 472 488 167
3261 4 2 2 3 413 466 695 161
3262 4 2 2 3 436 467 46 162
3263 4 2 2 3 462 451 314 756
3264 4 2 2 3 686 160 60 465
3265 4 2 2 3 484 51 698 179
3266 4 2 2 3 752 702 476 447
3267 4 2 2 3 379 683 449 378
3268 4 2 2 3 327 564 632 724
3269 4 2 2 3 296 587 453 282
3270 4 2 2 3 456 313 417 151
3271 4 2 2 3 396 439 181 701
3272 4 2 2 3 421 472 488 726
3273 4 2 2 3 676 758 589 371
3274 4 2 2 3 587 758 601 453
3275 4 2 2 3 728 170 49 423
3276 4 2 2 3 190 492 188 187
3277 4 2 2 3 187 491 492 188
3278 4 2 2 3 449 687 754 684
3279 4 2 2 3 152 25 19 146
3280 4 2 2 3 352 473 717 657
3281 4 2 2 3 591 276 579 286
3282 4 2 2 3 410 688 283 383
3283 4 2 2 3 673 342 647 734
3284 4 2 2 3 417 314 722 157
3285 4 2 2 3 60 113 465 61
3286 4 2 2 3 456 28 22 722
3287 4 2 2 3 736 326 631 494
3288 4 2 2 3 325 615 616 311
3289 4 2 2 3 88 37 89 700
3290 4 2 2 3 88 37 700 36
3291 4 2 2 3 258 429 362 563
3292 4 2 2 3 760 368 166 471
3293 4 2 2 3 698 51 393 179
3294 4 2 2 3 665 444 580 360
3295 4 2 2 3 335 336 568 641
3296 4 2 2 3 459 443 145 154
3297 4 2 2 3 162 467 389 446
3298 4 2 2 3 312 704 316 617
3299 4 2 2 3 695 413 161 390
3300 4 2 2 3 435 84 83 740
3301 4 2 2 3 400 738 163 705
3302 4 2 2 3 745 622 320 625
3303 4 2 2 3 477 95 43 690
3304 4 2 2 3 739 342 647 450
3305 4 2 2 3 722 28 22 462
3306 4 2 2 3 159 696 742 464
3307 4 2 2 3 721 147 156 416
3308 4 2 2 3 730 474 427 732
3309 4 2 2 3 170 601 728 475
3310 4 2 2 3 417 456 22 722
3311 4 2 2 3 451 462 314 157
3312 4 2 2 3 348 657 654 352
3313 4 2 2 3 287 573 566 592
3314 4 2 2 3 463 395 37 158
3315 4 2 2 3 717 657 178 352
3316 4 2 2 3 660 378 339 644
3317 4 2 2 3 493 495 492 188
3318 4 2 2 3 491 493 492 188
3319 4 2 2 3 410 715 688 384
3320 4 2 2 3 442 24 30 153
3321 4 2 2 3 656 350 351 260
3322 4 2 2 3 152 19 25 748
3323 4 2 2 3 653 652 729 347
3324 4 2 2 3 563 429 362 667
3325 4 2 2 3 577 378 379 272
3326 4 2 2 3 417 722 22 157
3327 4 2 2 3 237 256 239 561
3328 4 2 2 3 491 187 186 188
3329 4 2 2 3 596 740 289 594
3330 4 2 2 3 168 441 658 353
3331 4 2 2 3 487 638 699 394
3332 4 2 2 3 482 386 177 682
3333 4 2 2 3 584 409 714 583
3334 4 2 2 3 176 59 686 381
3335 4 2 2 3 708 374 323 628
3336 4 2 2 3 730 427 291 732
3337 4 2 2 3 434 446 739 343
3338 4 2 2 3 31 164 435 469
3339 4 2 2 3 573 287 566 268
3340 4 2 2 3 412 473 352 168
3341 4 2 2 3 739 172 434 450
3342 4 2 2 3 668 363 491 489
3343 4 2 2 3 428 439 641 336
3344 4 2 2 3 584 279 409 583
3345 4 2 2 3 314 462 722 157
3346 4 2 2 3 738 163 710 433
3347 4 2 2 3 164 382 379 684
3348 4 2 2 3 431 724 295 736
3349 4 2 2 3 342 450 368 673
3350 4 2 2 3 654 657 655 352
3351 4 2 2 3 599 367 294 598
3352 4 2 2 3 290 595 730 596
3353 4 2 2 3 639 369 334 332
3354 4 2 2 3 440 622 316 317
3355 4 2 2 3 716 675 674 369
3356 4 2 2 3 50 728 423 179
3357 4 2 2 3 83 435 740 469
3358 4 2 2 3 702 752 723 447
3359 4 2 2 3 463 158 452 708
3360 4 2 2 3 461 432 312 156
3361 4 2 2 3 32 83 435 84
3362 4 2 2 3 83 32 435 31
3363 4 2 2 3 467 46 98 741
3364 4 2 2 3 745 320 152 625
3365 4 2 2 3 256 237 356 561
3366 4 2 2 3 420 716 351 411
3367 4 2 2 3 340 253 338 643
3368 4 2 2 3 456 417 22 151
3369 4 2 2 3 442 445 409 747
3370 4 2 2 3 673 368 342 734
3371 4 2 2 3 294 455 367 599
3372 4 2 2 3 113 60 465 112
3373 4 2 2 3 462 22 722 157
3374 4 2 2 3 588 715 688 283
3375 4 2 2 3 601 170 728 296
3376 4 2 2 3 50 101 728 102
3377 4 2 2 3 395 403 158 708
3378 4 2 2 3 658 350 656 655
3379 4 2 2 3 717 657 483 178
3380 4 2 2 3 452 407 158 463
3381 4 2 2 3 696 159 742 391
3382 4 2 2 3 424 390 483 178
3383 4 2 2 3 447 476 406 171
3384 4 2 2 3 721 456 27 151
3385 4 2 2 3 741 46 47 436
3386 4 2 2 3 402 580 444 275
3387 4 2 2 3 655 349 352 350
3388 4 2 2 3 20 461 147 156
3389 4 2 2 3 166 760 672 455
3390 4 2 2 3 735 608 303 607
3391 4 2 2 3 561 356 256 595
3392 4 2 2 3 682 482 386 691
3393 4 2 2 3 743 388 470 438
3394 4 2 2 3 400 738 707 402
3395 4 2 2 3 305 709 285 610
3396 4 2 2 3 724 431 295 419
3397 4 2 2 3 277 431 326 582
3398 4 2 2 3 390 729 413 424
3399 4 2 2 3 468 738 705 163
3400 4 2 2 3 107 56 412 55
3401 4 2 2 3 56 107 412 108
3402 4 2 2 3 389 739 751 694
3403 4 2 2 3 711 752 476 406
3404 4 2 2 3 628 708 374 679
3405 4 2 2 3 369 411 716 370
3406 4 2 2 3 441 658 481 746
3407 4 2 2 3 438 670 340 365
3408 4 2 2 3 731 597 292 581
3409 4 2 2 3 322 485 712 627
3410 4 2 2 3 278 409 279 583
3411 4 2 2 3 363 421 184 489
3412 4 2 2 3 746 57 168 109
3413 4 2 2 3 435 83 31 469
3414 4 2 2 3 420 656 353 351
3415 4 2 2 3 725 353 656 658
3416 4 2 2 3 721 27 21 151
3417 4 2 2 3 675 334 370 160
3418 4 2 2 3 639 160 675 465
3419 4 2 2 3 408 645 743 713
3420 4 2 2 3 690 385 450 673
3421 4 2 2 3 164 469 687 684
3422 4 2 2 3 707 705 738 400
3423 4 2 2 3 169 85 427 474
3424 4 2 2 3 382 164 687 684
3425 4 2 2 3 463 89 37 700
3426 4 2 2 3 443 625 735 748
3427 4 2 2 3 420 716 656 351
3428 4 2 2 3 37 36 395 700
3429 4 2 2 3 367 598 485 293
3430 4 2 2 3 616 311 308 416
3431 4 2 2 3 708 323 452 757
3432 4 2 2 3 601 475 170 453
3433 4 2 2 3 486 181 439 701
3434 4 2 2 3 736 295 431 494
3435 4 2 2 3 374 323 403 708
3436 4 2 2 3 683 379 449 684
3437 4 2 2 3 747 144 155 460
3438 4 2 2 3 641 568 335 640
3439 4 2 2 3 524 704 620 315
3440 4 2 2 3 483 348 424 178
3441 4 2 2 3 587 589 453 282
3442 4 2 2 3 152 320 443 625
3443 4 2 2 3 172 477 690 755
3444 4 2 2 3 704 524 219 315
3445 4 2 2 3 239 256 272 577
3446 4 2 2 3 369 639 675 674
3447 4 2 2 3 454 304 154 609
3448 4 2 2 3 587 589 758 453
3449 4 2 2 3 616 156 311 416
3450 4 2 2 3 447 418 723 397
3451 4 2 2 3 739 477 172 755
3452 4 2 2 3 432 737 621 745
3453 4 2 2 3 40 92 91 180
3454 4 2 2 3 645 408 743 340
3455 4 2 2 3 622 316 621 745
3456 4 2 2 3 695 729 718 413
3457 4 2 2 3 158 403 452 708
3458 4 2 2 3 453 589 284 282
3459 4 2 2 3 153 30 442 458
3460 4 2 2 3 481 353 725 658
3461 4 2 2 3 596 289 290 594
3462 4 2 2 3 316 617 621 432
3463 4 2 2 3 316 620 704 315
3464 4 2 2 3 757 322 712 627
3465 4 2 2 3 452 407 463 712
3466 4 2 2 3 173 387 426 478
3467 4 2 2 3 146 152 25 457
3468 4 2 2 3 447 702 476 397
3469 4 2 2 3 427 85 84 732
3470 4 2 2 3 414 437 287 592
3471 4 2 2 3 736 326 431 582
3472 4 2 2 3 736 724 295 600
3473 4 2 2 3 294 429 599 667
3474 4 2 2 3 457 152 25 748
3475 4 2 2 3 404 751 343 709
3476 4 2 2 3 746 109 168 473
3477 4 2 2 3 353 481 725 176
3478 4 2 2 3 601 170 296 453
3479 4 2 2 3 653 348 347 424
3480 4 2 2 3 438 388 408 743
3481 4 2 2 3 712 180 322 407
3482 4 2 2 3 440 432 316 745
3483 4 2 2 3 609 302 607 759
3484 4 2 2 3 688 410 283 715
3485 4 2 2 3 478 387 426 692
3486 4 2 2 3 370 420 725 381
3487 4 2 2 3 385 368 450 673
3488 4 2 2 3 735 302 759 607
3489 4 2 2 3 720 756 280 451
3490 4 2 2 3 548 339 338 643
3491 4 2 2 3 467 709 751 404
3492 4 2 2 3 411 420 716 370
3493 4 2 2 3 704 219 325 399
3494 4 2 2 3 448 308 753 307
3495 4 2 2 3 643 548 339 644
3496 4 2 2 3 656 655 350 260
3497 4 2 2 3 587 296 453 601
3498 4 2 2 3 454 609 302 304
3499 4 2 2 3 298 300 299 603
3500 4 2 2 3 615 311 308 616
3501 4 2 2 3 720 29 462 415
3502 4 2 2 3 168 746 473 658
3503 4 2 2 3 370 725 686 381
3504 4 2 2 3 299 605 603 300
3505 4 2 2 3 756 619 586 314
3506 4 2 2 3 85 427 84 33
3507 4 2 2 3 753 612 618 313
3508 4 2 2 3 109 58 746 57
3509 4 2 2 3 109 58 110 746
3510 4 2 2 3 385 450 172 690
3511 4 2 2 3 367 180 293 485
3512 4 2 2 3 303 302 735 607
3513 4 2 2 3 447 723 702 397
3514 4 2 2 3 648 739 751 343
3515 4 2 2 3 256 239 561 577
3516 4 2 2 3 704 621 620 316
3517 4 2 2 3 360 444 580 275
3518 4 2 2 3 744 641 337 642
3519 4 2 2 3 277 419 431 582
3520 4 2 2 3 397 476 447 171
3521 4 2 2 3 60 61 465 160
3522 4 2 2 3 394 334 639 160
3523 4 2 2 3 394 465 639 699
3524 4 2 2 3 494 736 295 600
3525 4 2 2 3 648 751 709 343
3526 4 2 2 3 452 712 322 407
3527 4 2 2 3 347 413 729 424
3528 4 2 2 3 353 725 656 420
3529 4 2 2 3 658 441 481 353
3530 4 2 2 3 98 47 741 46
3531 4 2 2 3 47 98 741 99
3532 4 2 2 3 326 431 189 494
3533 4 2 2 3 183 421 167 488
3534 4 2 2 3 631 326 736 582
3535 4 2 2 3 716 656 725 420
3536 4 2 2 3 353 441 481 176
3537 4 2 2 3 85 427 474 732
3538 4 2 2 3 377 177 682 754
3539 4 2 2 3 580 433 710 275
3540 4 2 2 3 421 668 489 363
3541 4 2 2 3 708 463 395 700
3542 4 2 2 3 61 465 394 113
3543 4 2 2 3 729 652 413 347
3544 4 2 2 3 617 621 704 316
3545 4 2 2 3 84 33 427 32
3546 4 2 2 3 420 353 725 176
3547 4 2 2 3 433 405 710 275
3548 4 2 2 3 728 170 475 49
3549 4 2 2 3 388 743 470 693
3550 4 2 2 3 736 431 724 582
3551 4 2 2 3 181 439 337 486
3552 4 2 2 3 395 463 37 700
3553 4 2 2 3 729 652 718 413
3554 4 2 2 3 467 162 404 446
3555 4 2 2 3 427 33 85 169
3556 4 2 2 3 388 408 743 713
3557 4 2 2 3 729 390 413 695
3558 4 2 2 3 756 720 462 451
3559 4 2 2 3 599 672 367 598
3560 4 2 2 3 180 712 322 485
3561 4 2 2 3 177 687 482 754
3562 4 2 2 3 113 465 394 699
3563 4 2 2 3 178 717 412 766
3564 4 2 2 3 724 431 419 582
3565 4 2 2 3 163 738 710 468
3566 4 2 2 3 728 49 475 101
3567 4 2 2 3 145 154 4 459
3568 4 2 2 3 415 462 451 157
3569 4 2 2 3 472 421 488 167
3570 4 2 2 3 156 312 616 311
3571 4 2 2 3 686 675 725 370
3572 4 2 2 3 687 449 177 382
3573 4 2 2 3 672 367 455 599
3574 4 2 2 3 612 753 613 307
3575 4 2 2 3 382 449 379 684
3576 4 2 2 3 420 725 716 370
3577 4 2 2 3 313 753 456 618
3578 4 2 2 3 585 720 756 280
3579 4 2 2 3 177 482 682 754
3580 4 2 2 3 639 369 675 334
3581 4 2 2 3 746 58 481 441
3582 4 2 2 3 484 102 50 728
3583 4 2 2 3 728 50 484 179
3584 4 2 2 3 710 163 405 433
3585 4 2 2 3 394 465 160 639
3586 4 2 2 3 713 743 388 693
3587 4 2 2 3 438 165 388 470
3588 4 2 2 3 621 316 432 745
3589 4 2 2 3 313 456 417 618
3590 4 2 2 3 449 382 687 684
3591 4 2 2 3 704 219 399 315
3592 4 2 2 3 308 613 753 307
3593 4 2 2 3 756 462 619 314
3594 4 2 2 3 295 189 431 494
3595 4 2 2 3 757 708 323 628
3596 4 2 2 3 598 367 485 672
3597 4 2 2 3 704 399 316 315
3598 4 2 2 3 415 720 280 451
3599 4 2 2 3 462 722 619 314
3600 4 2 2 3 716 675 369 370
3601 4 2 2 3 448 456 721 151
3602 4 2 2 3 320 430 443 735
3603 4 2 2 3 409 714 747 750
3604 4 2 2 3 456 448 721 753
3605 4 2 2 3 759 430 459 454
3606 4 2 2 3 465 61 394 160
3607 4 2 2 3 744 337 486 642
3608 4 2 2 3 416 721 21 151
3609 4 2 2 3 760 166 672 471
3610 4 2 2 3 460 3 144 155
3611 4 2 2 3 312 704 399 316
3612 4 2 2 3 298 279 445 584
3613 4 2 2 3 443 735 459 748
3614 4 2 2 3 334 369 675 370
3615 4 2 2 3 432 745 152 737
3616 4 2 2 3 323 452 403 708
3617 4 2 2 3 58 481 441 176
3618 4 2 2 3 675 716 725 370
3619 4 2 2 3 483 717 178 766
3620 4 2 2 3 745 152 737 457
3621 4 2 2 3 745 432 152 440
3622 4 2 2 3 445 442 155 747
3623 4 2 2 3 409 714 750 584
3624 4 2 2 3 445 279 409 584
3625 4 2 2 3 462 415 451 720
3626 4 2 2 3 110 58 481 746
3627 4 2 2 3 154 4 3 145
3628 4 2 2 3 721 448 308 753
3629 4 2 2 3 625 320 443 735
3630 4 2 2 3 603 445 584 298
3631 4 2 2 3 747 445 409 750
3632 4 2 2 3 445 603 584 750
3633 4 2 2 3 460 3 4 144
3634 4 2 2 3 672 166 455 367
3635 4 2 2 3 750 445 409 584
3636 4 2 2 3 613 753 721 308
3637 4 2 2 3 416 448 721 151
3638 4 2 2 3 735 443 459 430
3639 4 2 2 3 443 430 154 459
3640 4 2 2 3 155 445 747 460
3641 4 2 2 3 430 759 459 735
3642 4 2 2 3 448 721 308 416
3643 4 2 2 3 454 154 430 459
3644 4 2 2 3 750 747 445 460
3645 4 2 2 3 95 690 94 764
3646 4 2 2 3 570 652 653 765
3647 4 2 2 3 348 347 265 765
3648 4 2 2 3 326 189 188 761
3649 4 2 2 3 41 166 42 762
3650 4 2 2 3 549 558 643 768
3651 4 2 2 3 733 680 730 770
3652 4 2 2 3 244 338 253 768
3653 4 2 2 3 335 374 337 769
3654 4 2 2 3 679 640 642 769
3655 4 2 2 3 181 395 36 767
3656 4 2 2 3 42 385 43 764
3657 4 2 2 3 94 471 93 762
3658 4 2 2 3 631 493 494 761
3659 4 2 2 3 375 428 425 770
$EndElements
